site,succession,plot,plot.unq,n.treat,weevil,block,open_under,tag,weight.pre,weight.post,mass.loss,per.mass.lost,d13c_mean,perC_mean,d15n_mean,perN_mean,C.N_mean,d13c_std.error,perC_std.error,d15n_std.error,perN_std.error,C.N_std.error
east,Primary,1,1,0,NW,1,under,2951,3,2.3,0.7,23.33333333,-28.70666667,51.95333333,-2.09,1.42,37.15289405,0.021858128,1.882660647,0.035118846,0.125830574,3.547825138
east,Primary,1,1,0,NW,1,under,2953,3,2.3,0.7,23.33333333,-28.70666667,51.95333333,-2.09,1.42,37.15289405,0.021858128,1.882660647,0.035118846,0.125830574,3.547825138
east,Primary,1,1,0,NW,1,open,2954,3,1.5,1.5,50,-28.70666667,51.95333333,-2.09,1.42,37.15289405,0.021858128,1.882660647,0.035118846,0.125830574,3.547825138
east,Primary,1,1,0,NW,1,open,2955,3,2.9,0.1,3.333333333,-28.70666667,51.95333333,-2.09,1.42,37.15289405,0.021858128,1.882660647,0.035118846,0.125830574,3.547825138
east,Primary,1,1,0,NW,1,open,2956,3,2.2,0.8,26.66666667,-28.70666667,51.95333333,-2.09,1.42,37.15289405,0.021858128,1.882660647,0.035118846,0.125830574,3.547825138
east,Primary,1,1,0,NW,1,open,2957,3,2.2,0.8,26.66666667,-28.70666667,51.95333333,-2.09,1.42,37.15289405,0.021858128,1.882660647,0.035118846,0.125830574,3.547825138
east,Primary,1,1,0,NW,1,open,2958,3,2,1,33.33333333,-28.70666667,51.95333333,-2.09,1.42,37.15289405,0.021858128,1.882660647,0.035118846,0.125830574,3.547825138
east,Primary,2,2,8,NW,1,under,2959,3,2.4,0.6,20,-27.5,56.76666667,-3.266666667,2.076666667,27.33723157,0.037859389,0.063595947,0.014529663,0.012018504,0.154975692
east,Primary,2,2,8,NW,1,open,2961,3,2.2,0.8,26.66666667,-27.5,56.76666667,-3.266666667,2.076666667,27.33723157,0.037859389,0.063595947,0.014529663,0.012018504,0.154975692
east,Primary,2,2,8,NW,1,open,2962,3,1.8,1.2,40,-27.5,56.76666667,-3.266666667,2.076666667,27.33723157,0.037859389,0.063595947,0.014529663,0.012018504,0.154975692
east,Primary,2,2,8,NW,1,open,2965,3,2.1,0.9,30,-27.5,56.76666667,-3.266666667,2.076666667,27.33723157,0.037859389,0.063595947,0.014529663,0.012018504,0.154975692
east,Primary,2,2,8,NW,1,open,2966,3,2.2,0.8,26.66666667,-27.5,56.76666667,-3.266666667,2.076666667,27.33723157,0.037859389,0.063595947,0.014529663,0.012018504,0.154975692
east,Primary,3,3,16,NW,1,under,2967,3,2.2,0.8,26.66666667,-27.94333333,48.68666667,-1.423333333,1.506666667,32.50495887,0.017638342,0.90694236,0.121700908,0.095277373,1.542756967
east,Primary,3,3,16,NW,1,under,2969,3,1.5,1.5,50,-27.94333333,48.68666667,-1.423333333,1.506666667,32.50495887,0.017638342,0.90694236,0.121700908,0.095277373,1.542756967
east,Primary,3,3,16,NW,1,open,2971,3,2.4,0.6,20,-27.94333333,48.68666667,-1.423333333,1.506666667,32.50495887,0.017638342,0.90694236,0.121700908,0.095277373,1.542756967
east,Primary,3,3,16,NW,1,open,2972,3,1.7,1.3,43.33333333,-27.94333333,48.68666667,-1.423333333,1.506666667,32.50495887,0.017638342,0.90694236,0.121700908,0.095277373,1.542756967
east,Primary,3,3,16,NW,1,open,2973,3,2,1,33.33333333,-27.94333333,48.68666667,-1.423333333,1.506666667,32.50495887,0.017638342,0.90694236,0.121700908,0.095277373,1.542756967
east,Primary,4,4,8,W,1,open,2975,2,1.6,0.4,20,-27.84333333,50.03666667,-2.733333333,1.626666667,30.75593559,0.029627315,1.654189966,0.044845413,0.049103066,0.232211135
east,Primary,4,4,8,W,1,open,2976,2,0.7,1.3,65,-27.84333333,50.03666667,-2.733333333,1.626666667,30.75593559,0.029627315,1.654189966,0.044845413,0.049103066,0.232211135
east,Primary,4,4,8,W,1,under,2977,2,0.9,1.1,55,-27.84333333,50.03666667,-2.733333333,1.626666667,30.75593559,0.029627315,1.654189966,0.044845413,0.049103066,0.232211135
east,Primary,4,4,8,W,1,open,2978,2,1.4,0.6,30,-27.84333333,50.03666667,-2.733333333,1.626666667,30.75593559,0.029627315,1.654189966,0.044845413,0.049103066,0.232211135
east,Primary,4,4,8,W,1,under,2979,2,1.1,0.9,45,-27.84333333,50.03666667,-2.733333333,1.626666667,30.75593559,0.029627315,1.654189966,0.044845413,0.049103066,0.232211135
east,Primary,4,4,8,W,1,under,2980,1.9,1.3,0.6,31.57894737,-27.84333333,50.03666667,-2.733333333,1.626666667,30.75593559,0.029627315,1.654189966,0.044845413,0.049103066,0.232211135
east,Primary,4,4,8,W,1,under,2981,1.8,1.6,0.2,11.11111111,-27.84333333,50.03666667,-2.733333333,1.626666667,30.75593559,0.029627315,1.654189966,0.044845413,0.049103066,0.232211135
east,Primary,4,4,8,W,1,open,2982,2,2,0,0,-27.84333333,50.03666667,-2.733333333,1.626666667,30.75593559,0.029627315,1.654189966,0.044845413,0.049103066,0.232211135
east,Primary,5,5,0,W,1,open,2981,2,1.9,0.1,5,-28.61666667,48.32333333,-4.05,1.363333333,35.49955019,0.020275875,3.750485894,0.04163332,0.060092521,2.758109821
east,Primary,5,5,0,W,1,under,2983,2,1.5,0.5,25,-28.61666667,48.32333333,-4.05,1.363333333,35.49955019,0.020275875,3.750485894,0.04163332,0.060092521,2.758109821
east,Primary,5,5,0,W,1,open,2986,2,0.9,1.1,55,-28.61666667,48.32333333,-4.05,1.363333333,35.49955019,0.020275875,3.750485894,0.04163332,0.060092521,2.758109821
east,Primary,5,5,0,W,1,open,2987,2,1.8,0.2,10,-28.61666667,48.32333333,-4.05,1.363333333,35.49955019,0.020275875,3.750485894,0.04163332,0.060092521,2.758109821
east,Primary,5,5,0,W,1,under,2988,2,1.5,0.5,25,-28.61666667,48.32333333,-4.05,1.363333333,35.49955019,0.020275875,3.750485894,0.04163332,0.060092521,2.758109821
east,Primary,5,5,0,W,1,under,2989,2,1,1,50,-28.61666667,48.32333333,-4.05,1.363333333,35.49955019,0.020275875,3.750485894,0.04163332,0.060092521,2.758109821
east,Primary,5,5,0,W,1,open,2990,2,2,0,0,-28.61666667,48.32333333,-4.05,1.363333333,35.49955019,0.020275875,3.750485894,0.04163332,0.060092521,2.758109821
east,Primary,6,6,16,W,1,open,2991,2,2,0,0,-28.28666667,43.95666667,-2.146666667,1.886666667,23.30369803,0.029627315,1.323635566,0.052387445,0.047022453,0.541102231
east,Primary,6,6,16,W,1,under,2992,2,1.3,0.7,35,-28.28666667,43.95666667,-2.146666667,1.886666667,23.30369803,0.029627315,1.323635566,0.052387445,0.047022453,0.541102231
east,Primary,6,6,16,W,1,under,2993,2,1.5,0.5,25,-28.28666667,43.95666667,-2.146666667,1.886666667,23.30369803,0.029627315,1.323635566,0.052387445,0.047022453,0.541102231
east,Primary,6,6,16,W,1,open,2994,2,1.3,0.7,35,-28.28666667,43.95666667,-2.146666667,1.886666667,23.30369803,0.029627315,1.323635566,0.052387445,0.047022453,0.541102231
east,Primary,6,6,16,W,1,open,2995,2,2,0,0,-28.28666667,43.95666667,-2.146666667,1.886666667,23.30369803,0.029627315,1.323635566,0.052387445,0.047022453,0.541102231
east,Primary,6,6,16,W,1,open,2996,2,0.9,1.1,55,-28.28666667,43.95666667,-2.146666667,1.886666667,23.30369803,0.029627315,1.323635566,0.052387445,0.047022453,0.541102231
east,Primary,6,6,16,W,1,open,2997,2,1.8,0.2,10,-28.28666667,43.95666667,-2.146666667,1.886666667,23.30369803,0.029627315,1.323635566,0.052387445,0.047022453,0.541102231
east,Primary,6,6,16,W,1,under,2998,2,2,0,0,-28.28666667,43.95666667,-2.146666667,1.886666667,23.30369803,0.029627315,1.323635566,0.052387445,0.047022453,0.541102231
east,Primary,7,7,8,NW,2,under,2693,3.1,2.5,0.6,19.35483871,-28.63666667,60.71333333,-2.83,1.803333333,34.52751079,0.008819171,0.096838927,0.070237692,0.191688405,4.046376732
east,Primary,7,7,8,NW,2,open,2694,3.1,1.8,1.3,41.93548387,-28.63666667,60.71333333,-2.83,1.803333333,34.52751079,0.008819171,0.096838927,0.070237692,0.191688405,4.046376732
east,Primary,7,7,8,NW,2,open,2695,3.1,2,1.1,35.48387097,-28.63666667,60.71333333,-2.83,1.803333333,34.52751079,0.008819171,0.096838927,0.070237692,0.191688405,4.046376732
east,Primary,7,7,8,NW,2,under,2697,3.1,3,0.1,3.225806452,-28.63666667,60.71333333,-2.83,1.803333333,34.52751079,0.008819171,0.096838927,0.070237692,0.191688405,4.046376732
east,Primary,7,7,8,NW,2,open,2698,3.1,2.8,0.3,9.677419355,-28.63666667,60.71333333,-2.83,1.803333333,34.52751079,0.008819171,0.096838927,0.070237692,0.191688405,4.046376732
east,Primary,7,7,8,NW,2,under,2699,3.1,2.2,0.9,29.03225806,-28.63666667,60.71333333,-2.83,1.803333333,34.52751079,0.008819171,0.096838927,0.070237692,0.191688405,4.046376732
east,Primary,7,7,8,NW,2,open,2700,3.1,3,0.1,3.225806452,-28.63666667,60.71333333,-2.83,1.803333333,34.52751079,0.008819171,0.096838927,0.070237692,0.191688405,4.046376732
east,Primary,7,7,8,NW,2,open,2969,3.1,2,1.1,35.48387097,-28.63666667,60.71333333,-2.83,1.803333333,34.52751079,0.008819171,0.096838927,0.070237692,0.191688405,4.046376732
east,Primary,8,8,8,W,2,open,2940,1.1,0.4,0.7,63.63636364,-28.33,46.97,-1.81,1.963333333,23.95818155,0.025166115,0.38682468,0.035118846,0.061734197,0.550393285
east,Primary,8,8,8,W,2,open,2941,1,0.6,0.4,40,-28.33,46.97,-1.81,1.963333333,23.95818155,0.025166115,0.38682468,0.035118846,0.061734197,0.550393285
east,Primary,8,8,8,W,2,under,2942,1,0.8,0.2,20,-28.33,46.97,-1.81,1.963333333,23.95818155,0.025166115,0.38682468,0.035118846,0.061734197,0.550393285
east,Primary,9,9,16,NW,2,open,2685,3,2.8,0.2,6.666666667,-27.72333333,46.73333333,-1.416666667,1.933333333,24.17340756,0.013333333,1.237798224,0.017638342,0.036666667,0.46379309
east,Primary,9,9,16,NW,2,open,2686,3,2.3,0.7,23.33333333,-27.72333333,46.73333333,-1.416666667,1.933333333,24.17340756,0.013333333,1.237798224,0.017638342,0.036666667,0.46379309
east,Primary,9,9,16,NW,2,under,2687,3,2.4,0.6,20,-27.72333333,46.73333333,-1.416666667,1.933333333,24.17340756,0.013333333,1.237798224,0.017638342,0.036666667,0.46379309
east,Primary,9,9,16,NW,2,under,2688,3,2.5,0.5,16.66666667,-27.72333333,46.73333333,-1.416666667,1.933333333,24.17340756,0.013333333,1.237798224,0.017638342,0.036666667,0.46379309
east,Primary,9,9,16,NW,2,open,2689,3,2.7,0.3,10,-27.72333333,46.73333333,-1.416666667,1.933333333,24.17340756,0.013333333,1.237798224,0.017638342,0.036666667,0.46379309
east,Primary,9,9,16,NW,2,under,2690,3,1.5,1.5,50,-27.72333333,46.73333333,-1.416666667,1.933333333,24.17340756,0.013333333,1.237798224,0.017638342,0.036666667,0.46379309
east,Primary,9,9,16,NW,2,open,2691,3,2.1,0.9,30,-27.72333333,46.73333333,-1.416666667,1.933333333,24.17340756,0.013333333,1.237798224,0.017638342,0.036666667,0.46379309
east,Primary,9,9,16,NW,2,under,2692,3,1.8,1.2,40,-27.72333333,46.73333333,-1.416666667,1.933333333,24.17340756,0.013333333,1.237798224,0.017638342,0.036666667,0.46379309
east,Primary,10,10,0,W,2,under,2677,2,1.8,0.2,10,-29.32333333,48.66333333,-3.033333333,1.63,31.9473389,0.021858128,0.247678107,0.029627315,0.267644042,6.385472657
east,Primary,10,10,0,W,2,open,2678,2.1,2,0.1,4.761904762,-29.32333333,48.66333333,-3.033333333,1.63,31.9473389,0.021858128,0.247678107,0.029627315,0.267644042,6.385472657
east,Primary,10,10,0,W,2,open,2679,2,1.8,0.2,10,-29.32333333,48.66333333,-3.033333333,1.63,31.9473389,0.021858128,0.247678107,0.029627315,0.267644042,6.385472657
east,Primary,10,10,0,W,2,under,2680,2,0.8,1.2,60,-29.32333333,48.66333333,-3.033333333,1.63,31.9473389,0.021858128,0.247678107,0.029627315,0.267644042,6.385472657
east,Primary,10,10,0,W,2,under,2681,2,2,0,0,-29.32333333,48.66333333,-3.033333333,1.63,31.9473389,0.021858128,0.247678107,0.029627315,0.267644042,6.385472657
east,Primary,10,10,0,W,2,open,2682,2,1.9,0.1,5,-29.32333333,48.66333333,-3.033333333,1.63,31.9473389,0.021858128,0.247678107,0.029627315,0.267644042,6.385472657
east,Primary,10,10,0,W,2,under,2683,2,1.3,0.7,35,-29.32333333,48.66333333,-3.033333333,1.63,31.9473389,0.021858128,0.247678107,0.029627315,0.267644042,6.385472657
east,Primary,10,10,0,W,2,under,2684,2,1.4,0.6,30,-29.32333333,48.66333333,-3.033333333,1.63,31.9473389,0.021858128,0.247678107,0.029627315,0.267644042,6.385472657
east,Primary,11,11,0,NW,2,open,2669,3.1,2.3,0.8,25.80645161,-29.07,55.09666667,-2.28,1.823333333,30.24138568,0.02081666,1.635912929,0.005773503,0.069362173,0.431851958
east,Primary,11,11,0,NW,2,under,2670,3,2.4,0.6,20,-29.07,55.09666667,-2.28,1.823333333,30.24138568,0.02081666,1.635912929,0.005773503,0.069362173,0.431851958
east,Primary,11,11,0,NW,2,open,2671,3,2.4,0.6,20,-29.07,55.09666667,-2.28,1.823333333,30.24138568,0.02081666,1.635912929,0.005773503,0.069362173,0.431851958
east,Primary,11,11,0,NW,2,under,2672,3.1,2.4,0.7,22.58064516,-29.07,55.09666667,-2.28,1.823333333,30.24138568,0.02081666,1.635912929,0.005773503,0.069362173,0.431851958
east,Primary,11,11,0,NW,2,under,2673,3.1,2.2,0.9,29.03225806,-29.07,55.09666667,-2.28,1.823333333,30.24138568,0.02081666,1.635912929,0.005773503,0.069362173,0.431851958
east,Primary,11,11,0,NW,2,open,2674,3,2.5,0.5,16.66666667,-29.07,55.09666667,-2.28,1.823333333,30.24138568,0.02081666,1.635912929,0.005773503,0.069362173,0.431851958
east,Primary,11,11,0,NW,2,open,2675,3.1,3.1,0,0,-29.07,55.09666667,-2.28,1.823333333,30.24138568,0.02081666,1.635912929,0.005773503,0.069362173,0.431851958
east,Primary,11,11,0,NW,2,under,2676,3,2.4,0.6,20,-29.07,55.09666667,-2.28,1.823333333,30.24138568,0.02081666,1.635912929,0.005773503,0.069362173,0.431851958
east,Primary,12,12,16,W,2,open,2663,1,1,0,0,-28.31666667,50.24,-2.23,1.543333333,32.54116743,0.035276684,4.959600118,0.055075705,0.003333333,3.149255915
east,Primary,12,12,16,W,2,open,2664,1,0.7,0.3,30,-28.31666667,50.24,-2.23,1.543333333,32.54116743,0.035276684,4.959600118,0.055075705,0.003333333,3.149255915
east,Primary,12,12,16,W,2,open,2665,1,1,0,0,-28.31666667,50.24,-2.23,1.543333333,32.54116743,0.035276684,4.959600118,0.055075705,0.003333333,3.149255915
east,Primary,12,12,16,W,2,under,2666,1.1,0.9,0.2,18.18181818,-28.31666667,50.24,-2.23,1.543333333,32.54116743,0.035276684,4.959600118,0.055075705,0.003333333,3.149255915
east,Primary,12,12,16,W,2,under,2667,1,0.8,0.2,20,-28.31666667,50.24,-2.23,1.543333333,32.54116743,0.035276684,4.959600118,0.055075705,0.003333333,3.149255915
east,Primary,12,12,16,W,2,under,2668,1,0.9,0.1,10,-28.31666667,50.24,-2.23,1.543333333,32.54116743,0.035276684,4.959600118,0.055075705,0.003333333,3.149255915
east,Primary,13,13,16,W,3,open,2655,1.1,0.6,0.5,45.45454545,-27.66666667,47.12333333,-1.896666667,1.683333333,28.0089909,0.017638342,0.226151375,0.048419463,0.031797973,0.396030149
east,Primary,13,13,16,W,3,under,2656,1,0.9,0.1,10,-27.66666667,47.12333333,-1.896666667,1.683333333,28.0089909,0.017638342,0.226151375,0.048419463,0.031797973,0.396030149
east,Primary,13,13,16,W,3,open,2657,1,0.8,0.2,20,-27.66666667,47.12333333,-1.896666667,1.683333333,28.0089909,0.017638342,0.226151375,0.048419463,0.031797973,0.396030149
east,Primary,13,13,16,W,3,open,2658,1,0.9,0.1,10,-27.66666667,47.12333333,-1.896666667,1.683333333,28.0089909,0.017638342,0.226151375,0.048419463,0.031797973,0.396030149
east,Primary,13,13,16,W,3,open,2659,1,1,0,0,-27.66666667,47.12333333,-1.896666667,1.683333333,28.0089909,0.017638342,0.226151375,0.048419463,0.031797973,0.396030149
east,Primary,13,13,16,W,3,open,2660,1,0.8,0.2,20,-27.66666667,47.12333333,-1.896666667,1.683333333,28.0089909,0.017638342,0.226151375,0.048419463,0.031797973,0.396030149
east,Primary,13,13,16,W,3,under,2661,1,1,0,0,-27.66666667,47.12333333,-1.896666667,1.683333333,28.0089909,0.017638342,0.226151375,0.048419463,0.031797973,0.396030149
east,Primary,14,14,0,NW,3,open,2647,3,1.9,1.1,36.66666667,-28.03,48.42333333,-3.663333333,1.846666667,26.21826853,0.005773503,1.554588191,0.104774891,0.054569018,0.099290223
east,Primary,14,14,0,NW,3,open,2648,3,3,0,0,-28.03,48.42333333,-3.663333333,1.846666667,26.21826853,0.005773503,1.554588191,0.104774891,0.054569018,0.099290223
east,Primary,14,14,0,NW,3,open,2649,3.1,2.9,0.2,6.451612903,-28.03,48.42333333,-3.663333333,1.846666667,26.21826853,0.005773503,1.554588191,0.104774891,0.054569018,0.099290223
east,Primary,14,14,0,NW,3,under,2650,3,2.7,0.3,10,-28.03,48.42333333,-3.663333333,1.846666667,26.21826853,0.005773503,1.554588191,0.104774891,0.054569018,0.099290223
east,Primary,14,14,0,NW,3,open,2652,3.1,3.1,0,0,-28.03,48.42333333,-3.663333333,1.846666667,26.21826853,0.005773503,1.554588191,0.104774891,0.054569018,0.099290223
east,Primary,14,14,0,NW,3,under,2653,3.1,2,1.1,35.48387097,-28.03,48.42333333,-3.663333333,1.846666667,26.21826853,0.005773503,1.554588191,0.104774891,0.054569018,0.099290223
east,Primary,14,14,0,NW,3,under,2654,3,2.1,0.9,30,-28.03,48.42333333,-3.663333333,1.846666667,26.21826853,0.005773503,1.554588191,0.104774891,0.054569018,0.099290223
east,Primary,15,15,16,NW,3,under,2639,3.1,2.6,0.5,16.12903226,-28.48666667,49.41666667,-1.55,1.663333333,30.15952147,0.031797973,0.185861358,0.060277138,0.147685853,2.545827282
east,Primary,15,15,16,NW,3,open,2640,3,2.9,0.1,3.333333333,-28.48666667,49.41666667,-1.55,1.663333333,30.15952147,0.031797973,0.185861358,0.060277138,0.147685853,2.545827282
east,Primary,15,15,16,NW,3,open,2642,3,2.4,0.6,20,-28.48666667,49.41666667,-1.55,1.663333333,30.15952147,0.031797973,0.185861358,0.060277138,0.147685853,2.545827282
east,Primary,15,15,16,NW,3,under,2645,3.1,2.2,0.9,29.03225806,-28.48666667,49.41666667,-1.55,1.663333333,30.15952147,0.031797973,0.185861358,0.060277138,0.147685853,2.545827282
east,Primary,15,15,16,NW,3,open,2646,3,2.4,0.6,20,-28.48666667,49.41666667,-1.55,1.663333333,30.15952147,0.031797973,0.185861358,0.060277138,0.147685853,2.545827282
east,Primary,16,16,8,W,3,open,2632,3,3,0,0,-27.26333333,43.57,-2.366666667,1.586666667,27.46056054,0.046666667,0.285365263,0.117945373,0.012018504,0.046809941
east,Primary,16,16,8,W,3,open,2633,3,0.4,2.6,86.66666667,-27.26333333,43.57,-2.366666667,1.586666667,27.46056054,0.046666667,0.285365263,0.117945373,0.012018504,0.046809941
east,Primary,16,16,8,W,3,open,2634,3,2.8,0.2,6.666666667,-27.26333333,43.57,-2.366666667,1.586666667,27.46056054,0.046666667,0.285365263,0.117945373,0.012018504,0.046809941
east,Primary,16,16,8,W,3,under,2635,3,2.6,0.4,13.33333333,-27.26333333,43.57,-2.366666667,1.586666667,27.46056054,0.046666667,0.285365263,0.117945373,0.012018504,0.046809941
east,Primary,16,16,8,W,3,open,2637,3,1.7,1.3,43.33333333,-27.26333333,43.57,-2.366666667,1.586666667,27.46056054,0.046666667,0.285365263,0.117945373,0.012018504,0.046809941
east,Primary,16,16,8,W,3,open,2638,3,2.8,0.2,6.666666667,-27.26333333,43.57,-2.366666667,1.586666667,27.46056054,0.046666667,0.285365263,0.117945373,0.012018504,0.046809941
east,Primary,17,17,8,NW,3,under,2625,3,2.5,0.5,16.66666667,-28.61666667,48.45333333,-3.523333333,1.313333333,37.0092336,0.014529663,1.623097177,0.098375697,0.035276684,2.171105645
east,Primary,17,17,8,NW,3,under,2626,3,1.7,1.3,43.33333333,-28.61666667,48.45333333,-3.523333333,1.313333333,37.0092336,0.014529663,1.623097177,0.098375697,0.035276684,2.171105645
east,Primary,17,17,8,NW,3,open,2627,3,2.6,0.4,13.33333333,-28.61666667,48.45333333,-3.523333333,1.313333333,37.0092336,0.014529663,1.623097177,0.098375697,0.035276684,2.171105645
east,Primary,17,17,8,NW,3,open,2628,3,2.5,0.5,16.66666667,-28.61666667,48.45333333,-3.523333333,1.313333333,37.0092336,0.014529663,1.623097177,0.098375697,0.035276684,2.171105645
east,Primary,17,17,8,NW,3,open,2629,3,1.5,1.5,50,-28.61666667,48.45333333,-3.523333333,1.313333333,37.0092336,0.014529663,1.623097177,0.098375697,0.035276684,2.171105645
east,Primary,17,17,8,NW,3,under,2630,3,2,1,33.33333333,-28.61666667,48.45333333,-3.523333333,1.313333333,37.0092336,0.014529663,1.623097177,0.098375697,0.035276684,2.171105645
east,Primary,17,17,8,NW,3,open,2999,3,0.5,2.5,83.33333333,-28.61666667,48.45333333,-3.523333333,1.313333333,37.0092336,0.014529663,1.623097177,0.098375697,0.035276684,2.171105645
east,Primary,17,17,8,NW,3,under,3000,3,2.2,0.8,26.66666667,-28.61666667,48.45333333,-3.523333333,1.313333333,37.0092336,0.014529663,1.623097177,0.098375697,0.035276684,2.171105645
east,Primary,18,18,0,W,3,open,2940,3,1,2,66.66666667,-27.74333333,45.73666667,-4.673333333,1.36,33.94260494,0.029627315,1.87528072,0.049103066,0.100664459,2.537887896
east,Primary,18,18,0,W,3,under,2943,3,1.4,1.6,53.33333333,-27.74333333,45.73666667,-4.673333333,1.36,33.94260494,0.029627315,1.87528072,0.049103066,0.100664459,2.537887896
east,Primary,18,18,0,W,3,under,2944,3,2.3,0.7,23.33333333,-27.74333333,45.73666667,-4.673333333,1.36,33.94260494,0.029627315,1.87528072,0.049103066,0.100664459,2.537887896
east,Primary,18,18,0,W,3,under,2945,3,2.4,0.6,20,-27.74333333,45.73666667,-4.673333333,1.36,33.94260494,0.029627315,1.87528072,0.049103066,0.100664459,2.537887896
east,Primary,18,18,0,W,3,open,2950,3,2,1,33.33333333,-27.74333333,45.73666667,-4.673333333,1.36,33.94260494,0.029627315,1.87528072,0.049103066,0.100664459,2.537887896
harmony,Secondary,1,36,0,W,7,under,207,3,2.4,0.6,20,-27.95,51.11666667,-3.62,2.253333333,22.7091503,0.081445278,1.36029817,0.140118997,0.080069414,0.497753029
harmony,Secondary,1,36,0,W,7,open,211,3.1,2.9,0.2,6.451612903,-27.95,51.11666667,-3.62,2.253333333,22.7091503,0.081445278,1.36029817,0.140118997,0.080069414,0.497753029
harmony,Secondary,1,36,0,W,7,under,229,3.1,2.4,0.7,22.58064516,-27.95,51.11666667,-3.62,2.253333333,22.7091503,0.081445278,1.36029817,0.140118997,0.080069414,0.497753029
harmony,Secondary,1,36,0,W,7,under,10284,3,1.9,1.1,36.66666667,-27.95,51.11666667,-3.62,2.253333333,22.7091503,0.081445278,1.36029817,0.140118997,0.080069414,0.497753029
harmony,Secondary,1,36,0,W,7,under,10361,3,2,1,33.33333333,-27.95,51.11666667,-3.62,2.253333333,22.7091503,0.081445278,1.36029817,0.140118997,0.080069414,0.497753029
harmony,Secondary,2,37,16,W,7,open,221,2.1,0.5,1.6,76.19047619,-28.32666667,49.90666667,-4.046666667,1.87,26.69479764,0.218809912,0.920513142,0.026034166,0.028867513,0.502025222
harmony,Secondary,2,37,16,W,7,under,223,2,2,0,0,-28.32666667,49.90666667,-4.046666667,1.87,26.69479764,0.218809912,0.920513142,0.026034166,0.028867513,0.502025222
harmony,Secondary,2,37,16,W,7,under,237,2.1,1.7,0.4,19.04761905,-28.32666667,49.90666667,-4.046666667,1.87,26.69479764,0.218809912,0.920513142,0.026034166,0.028867513,0.502025222
harmony,Secondary,2,37,16,W,7,open,2070,3,2.1,0.9,30,-28.32666667,49.90666667,-4.046666667,1.87,26.69479764,0.218809912,0.920513142,0.026034166,0.028867513,0.502025222
harmony,Secondary,3,38,0,NW,7,under,195,2.1,1.8,0.3,14.28571429,-29.38,48.24666667,-4.763333333,1.856666667,26.18421505,0.137477271,0.594147382,0.035276684,0.104774891,1.783651248
harmony,Secondary,3,38,0,NW,7,open,233,2.1,1.2,0.9,42.85714286,-29.38,48.24666667,-4.763333333,1.856666667,26.18421505,0.137477271,0.594147382,0.035276684,0.104774891,1.783651248
harmony,Secondary,3,38,0,NW,7,under,234,2,1.8,0.2,10,-29.38,48.24666667,-4.763333333,1.856666667,26.18421505,0.137477271,0.594147382,0.035276684,0.104774891,1.783651248
harmony,Secondary,3,38,0,NW,7,under,239,2,1.4,0.6,30,-29.38,48.24666667,-4.763333333,1.856666667,26.18421505,0.137477271,0.594147382,0.035276684,0.104774891,1.783651248
harmony,Secondary,3,38,0,NW,7,open,241,2.1,1.9,0.2,9.523809524,-29.38,48.24666667,-4.763333333,1.856666667,26.18421505,0.137477271,0.594147382,0.035276684,0.104774891,1.783651248
harmony,Secondary,3,38,0,NW,7,under,407,2.1,1.5,0.6,28.57142857,-29.38,48.24666667,-4.763333333,1.856666667,26.18421505,0.137477271,0.594147382,0.035276684,0.104774891,1.783651248
harmony,Secondary,4,39,16,NW,7,under,196,2,1.6,0.4,20,-27.25333333,47.13666667,-3.476666667,2.126666667,22.17406212,0.026666667,0.663433828,0.054873592,0.044095855,0.313705693
harmony,Secondary,4,39,16,NW,7,open,238,2.1,2.1,0,0,-27.25333333,47.13666667,-3.476666667,2.126666667,22.17406212,0.026666667,0.663433828,0.054873592,0.044095855,0.313705693
harmony,Secondary,4,39,16,NW,7,under,125-0,2.1,1.4,0.7,33.33333333,-27.25333333,47.13666667,-3.476666667,2.126666667,22.17406212,0.026666667,0.663433828,0.054873592,0.044095855,0.313705693
harmony,Secondary,5,40,0,NW,8,under,262,3,2.6,0.4,13.33333333,-28.86333333,44.62333333,-5.903333333,1.646666667,27.11004717,0.043333333,0.965079156,0.058972687,0.037564759,0.506289158
harmony,Secondary,5,40,0,NW,8,open,2067,3,2.9,0.1,3.333333333,-28.86333333,44.62333333,-5.903333333,1.646666667,27.11004717,0.043333333,0.965079156,0.058972687,0.037564759,0.506289158
harmony,Secondary,5,40,0,NW,8,under,2084,3,2,1,33.33333333,-28.86333333,44.62333333,-5.903333333,1.646666667,27.11004717,0.043333333,0.965079156,0.058972687,0.037564759,0.506289158
harmony,Secondary,5,40,0,NW,8,open,2090,3.1,2.6,0.5,16.12903226,-28.86333333,44.62333333,-5.903333333,1.646666667,27.11004717,0.043333333,0.965079156,0.058972687,0.037564759,0.506289158
harmony,Secondary,5,40,0,NW,8,under,2096,3,2.4,0.6,20,-28.86333333,44.62333333,-5.903333333,1.646666667,27.11004717,0.043333333,0.965079156,0.058972687,0.037564759,0.506289158
harmony,Secondary,5,40,0,NW,8,under,2162,3,3,0,0,-28.86333333,44.62333333,-5.903333333,1.646666667,27.11004717,0.043333333,0.965079156,0.058972687,0.037564759,0.506289158
harmony,Secondary,6,41,16,W,8,under,36,4.4,4.3,0.1,2.272727273,-27.34666667,43.94,-4.413333333,1.963333333,22.54181908,0.089504811,0.655311631,0.042557151,0.104933842,1.536561389
harmony,Secondary,6,41,16,W,8,under,255,3.1,2.2,0.9,29.03225806,-27.34666667,43.94,-4.413333333,1.963333333,22.54181908,0.089504811,0.655311631,0.042557151,0.104933842,1.536561389
harmony,Secondary,6,41,16,W,8,under,286,3.1,2.3,0.8,25.80645161,-27.34666667,43.94,-4.413333333,1.963333333,22.54181908,0.089504811,0.655311631,0.042557151,0.104933842,1.536561389
harmony,Secondary,6,41,16,W,8,open,498,3,2.6,0.4,13.33333333,-27.34666667,43.94,-4.413333333,1.963333333,22.54181908,0.089504811,0.655311631,0.042557151,0.104933842,1.536561389
harmony,Secondary,6,41,16,W,8,under,500,3,2.9,0.1,3.333333333,-27.34666667,43.94,-4.413333333,1.963333333,22.54181908,0.089504811,0.655311631,0.042557151,0.104933842,1.536561389
harmony,Secondary,6,41,16,W,8,under,2068,3,2.8,0.2,6.666666667,-27.34666667,43.94,-4.413333333,1.963333333,22.54181908,0.089504811,0.655311631,0.042557151,0.104933842,1.536561389
harmony,Secondary,7,42,16,NW,8,under,2064,3,1.9,1.1,36.66666667,-28.33333333,47.88666667,-4.393333333,1.996666667,24.45463398,0.196327391,1.256348324,0.046666667,0.194107645,2.498181371
harmony,Secondary,7,42,16,NW,8,under,2065,3,1.9,1.1,36.66666667,-28.33333333,47.88666667,-4.393333333,1.996666667,24.45463398,0.196327391,1.256348324,0.046666667,0.194107645,2.498181371
harmony,Secondary,7,42,16,NW,8,open,2079,2.1,2.1,0,0,-28.33333333,47.88666667,-4.393333333,1.996666667,24.45463398,0.196327391,1.256348324,0.046666667,0.194107645,2.498181371
harmony,Secondary,7,42,16,NW,8,under,2093,2.1,1.6,0.5,23.80952381,-28.33333333,47.88666667,-4.393333333,1.996666667,24.45463398,0.196327391,1.256348324,0.046666667,0.194107645,2.498181371
harmony,Secondary,7,42,16,NW,8,under,2098,2,1.5,0.5,25,-28.33333333,47.88666667,-4.393333333,1.996666667,24.45463398,0.196327391,1.256348324,0.046666667,0.194107645,2.498181371
harmony,Secondary,7,42,16,NW,8,open,2149,3,2.8,0.2,6.666666667,-28.33333333,47.88666667,-4.393333333,1.996666667,24.45463398,0.196327391,1.256348324,0.046666667,0.194107645,2.498181371
harmony,Secondary,7,42,16,NW,8,under,2150,3.1,2.3,0.8,25.80645161,-28.33333333,47.88666667,-4.393333333,1.996666667,24.45463398,0.196327391,1.256348324,0.046666667,0.194107645,2.498181371
harmony,Secondary,7,42,16,NW,8,under,2151,3,2.7,0.3,10,-28.33333333,47.88666667,-4.393333333,1.996666667,24.45463398,0.196327391,1.256348324,0.046666667,0.194107645,2.498181371
harmony,Secondary,7,42,16,NW,8,open,2152,3.1,2.8,0.3,9.677419355,-28.33333333,47.88666667,-4.393333333,1.996666667,24.45463398,0.196327391,1.256348324,0.046666667,0.194107645,2.498181371
harmony,Secondary,7,42,16,NW,8,under,2164,3.1,1.7,1.4,45.16129032,-28.33333333,47.88666667,-4.393333333,1.996666667,24.45463398,0.196327391,1.256348324,0.046666667,0.194107645,2.498181371
harmony,Secondary,9,43,0,NW,9,under,2153,2,1.4,0.6,30,-28.6,48.03666667,-6.2,1.436666667,33.54935478,0.057735027,1.583943742,0.152752523,0.085699734,1.045479553
harmony,Secondary,9,43,0,NW,9,under,2154,2.1,1.6,0.5,23.80952381,-28.6,48.03666667,-6.2,1.436666667,33.54935478,0.057735027,1.583943742,0.152752523,0.085699734,1.045479553
harmony,Secondary,9,43,0,NW,9,open,2155,2,2,0,0,-28.6,48.03666667,-6.2,1.436666667,33.54935478,0.057735027,1.583943742,0.152752523,0.085699734,1.045479553
harmony,Secondary,9,43,0,NW,9,under,2156,2,1.3,0.7,35,-28.6,48.03666667,-6.2,1.436666667,33.54935478,0.057735027,1.583943742,0.152752523,0.085699734,1.045479553
harmony,Secondary,9,43,0,NW,9,under,2157,2,1.4,0.6,30,-28.6,48.03666667,-6.2,1.436666667,33.54935478,0.057735027,1.583943742,0.152752523,0.085699734,1.045479553
harmony,Secondary,9,43,0,NW,9,under,2158,2,2,0,0,-28.6,48.03666667,-6.2,1.436666667,33.54935478,0.057735027,1.583943742,0.152752523,0.085699734,1.045479553
harmony,Secondary,9,43,0,NW,9,open,2159,2,1.8,0.2,10,-28.6,48.03666667,-6.2,1.436666667,33.54935478,0.057735027,1.583943742,0.152752523,0.085699734,1.045479553
harmony,Secondary,10,44,0,W,9,under,252,3,1.9,1.1,36.66666667,-28.09333333,44.29333333,-3.213333333,1.853333333,24.15378422,0.088756846,0.890848534,0.099554563,0.133458275,1.801746897
harmony,Secondary,10,44,0,W,9,under,2069,3,1.2,1.8,60,-28.09333333,44.29333333,-3.213333333,1.853333333,24.15378422,0.088756846,0.890848534,0.099554563,0.133458275,1.801746897
harmony,Secondary,10,44,0,W,9,under,2081,3,3,0,0,-28.09333333,44.29333333,-3.213333333,1.853333333,24.15378422,0.088756846,0.890848534,0.099554563,0.133458275,1.801746897
harmony,Secondary,10,44,0,W,9,under,2092,3,2.3,0.7,23.33333333,-28.09333333,44.29333333,-3.213333333,1.853333333,24.15378422,0.088756846,0.890848534,0.099554563,0.133458275,1.801746897
harmony,Secondary,10,44,0,W,9,open,2095,3,2.1,0.9,30,-28.09333333,44.29333333,-3.213333333,1.853333333,24.15378422,0.088756846,0.890848534,0.099554563,0.133458275,1.801746897
harmony,Secondary,11,45,16,W,9,under,510,3,2.5,0.5,16.66666667,-28.84666667,50.44333333,-5.95,1.916666667,27.09941867,0.014529663,0.234828543,0.077674535,0.231252628,3.264447848
harmony,Secondary,11,45,16,W,9,under,925,3,2.4,0.6,20,-28.84666667,50.44333333,-5.95,1.916666667,27.09941867,0.014529663,0.234828543,0.077674535,0.231252628,3.264447848
harmony,Secondary,11,45,16,W,9,open,942,3.1,1.7,1.4,45.16129032,-28.84666667,50.44333333,-5.95,1.916666667,27.09941867,0.014529663,0.234828543,0.077674535,0.231252628,3.264447848
harmony,Secondary,11,45,16,W,9,under,952,3,2.9,0.1,3.333333333,-28.84666667,50.44333333,-5.95,1.916666667,27.09941867,0.014529663,0.234828543,0.077674535,0.231252628,3.264447848
harmony,Secondary,11,45,16,W,9,open,2002,3.1,2,1.1,35.48387097,-28.84666667,50.44333333,-5.95,1.916666667,27.09941867,0.014529663,0.234828543,0.077674535,0.231252628,3.264447848
harmony,Secondary,12,46,16,NW,9,open,2142,3,2.3,0.7,23.33333333,-27.91,48.96333333,-4.436666667,2.233333333,21.9431551,0.191398363,2.073357449,0.026034166,0.104136662,0.52066272
harmony,Secondary,12,46,16,NW,9,under,2143,3.1,1.8,1.3,41.93548387,-27.91,48.96333333,-4.436666667,2.233333333,21.9431551,0.191398363,2.073357449,0.026034166,0.104136662,0.52066272
harmony,Secondary,12,46,16,NW,9,under,2146,3,2.8,0.2,6.666666667,-27.91,48.96333333,-4.436666667,2.233333333,21.9431551,0.191398363,2.073357449,0.026034166,0.104136662,0.52066272
harmony,Secondary,12,46,16,NW,9,open,2147,3.1,2,1.1,35.48387097,-27.91,48.96333333,-4.436666667,2.233333333,21.9431551,0.191398363,2.073357449,0.026034166,0.104136662,0.52066272
harmony,Secondary,12,46,16,NW,9,under,2160,3.1,2.4,0.7,22.58064516,-27.91,48.96333333,-4.436666667,2.233333333,21.9431551,0.191398363,2.073357449,0.026034166,0.104136662,0.52066272
norway,Secondary,1,47,16,NW,10,under,2615,3.1,1.5,1.6,51.61290323,-28.83333333,47.50333333,-3.356666667,1.276666667,37.24213043,0.029059326,1.490070841,0.095277373,0.053644923,0.433953771
norway,Secondary,1,47,16,NW,10,under,2618,3.1,2.4,0.7,22.58064516,-28.83333333,47.50333333,-3.356666667,1.276666667,37.24213043,0.029059326,1.490070841,0.095277373,0.053644923,0.433953771
norway,Secondary,1,47,16,NW,10,open,2619,3.1,2.1,1,32.25806452,-28.83333333,47.50333333,-3.356666667,1.276666667,37.24213043,0.029059326,1.490070841,0.095277373,0.053644923,0.433953771
norway,Secondary,1,47,16,NW,10,under,2620,3,2.3,0.7,23.33333333,-28.83333333,47.50333333,-3.356666667,1.276666667,37.24213043,0.029059326,1.490070841,0.095277373,0.053644923,0.433953771
norway,Secondary,1,47,16,NW,10,under,2621,3,2.1,0.9,30,-28.83333333,47.50333333,-3.356666667,1.276666667,37.24213043,0.029059326,1.490070841,0.095277373,0.053644923,0.433953771
norway,Secondary,1,47,16,NW,10,under,2622,3,2.5,0.5,16.66666667,-28.83333333,47.50333333,-3.356666667,1.276666667,37.24213043,0.029059326,1.490070841,0.095277373,0.053644923,0.433953771
norway,Secondary,1,47,16,NW,10,under,2623,3,3,0,0,-28.83333333,47.50333333,-3.356666667,1.276666667,37.24213043,0.029059326,1.490070841,0.095277373,0.053644923,0.433953771
norway,Secondary,1,47,16,NW,10,under,2624,3,2.4,0.6,20,-28.83333333,47.50333333,-3.356666667,1.276666667,37.24213043,0.029059326,1.490070841,0.095277373,0.053644923,0.433953771
norway,Secondary,2,48,16,W,10,open,2540,3,2.2,0.8,26.66666667,-28.70666667,45.25333333,-5.25,1.62,28.06602126,0.041766547,0.85186723,0.089628864,0.09539392,1.1208578
norway,Secondary,2,48,16,W,10,under,2609,3,2.3,0.7,23.33333333,-28.70666667,45.25333333,-5.25,1.62,28.06602126,0.041766547,0.85186723,0.089628864,0.09539392,1.1208578
norway,Secondary,2,48,16,W,10,open,2610,3,2.2,0.8,26.66666667,-28.70666667,45.25333333,-5.25,1.62,28.06602126,0.041766547,0.85186723,0.089628864,0.09539392,1.1208578
norway,Secondary,2,48,16,W,10,under,2611,3,2.8,0.2,6.666666667,-28.70666667,45.25333333,-5.25,1.62,28.06602126,0.041766547,0.85186723,0.089628864,0.09539392,1.1208578
norway,Secondary,2,48,16,W,10,open,2612,3,2.5,0.5,16.66666667,-28.70666667,45.25333333,-5.25,1.62,28.06602126,0.041766547,0.85186723,0.089628864,0.09539392,1.1208578
norway,Secondary,2,48,16,W,10,under,2613,3,2.4,0.6,20,-28.70666667,45.25333333,-5.25,1.62,28.06602126,0.041766547,0.85186723,0.089628864,0.09539392,1.1208578
norway,Secondary,2,48,16,W,10,under,2614,3,2.4,0.6,20,-28.70666667,45.25333333,-5.25,1.62,28.06602126,0.041766547,0.85186723,0.089628864,0.09539392,1.1208578
norway,Secondary,2,48,16,W,10,under,2616,3,2.1,0.9,30,-28.70666667,45.25333333,-5.25,1.62,28.06602126,0.041766547,0.85186723,0.089628864,0.09539392,1.1208578
norway,Secondary,3,49,0,NW,10,under,2601,3,2,1,33.33333333,-29.85,47.61,-6.246666667,1.516666667,31.40818816,0.017320508,4.052435482,0.037564759,0.132832392,0.190102311
norway,Secondary,3,49,0,NW,10,under,2602,3,2,1,33.33333333,-29.85,47.61,-6.246666667,1.516666667,31.40818816,0.017320508,4.052435482,0.037564759,0.132832392,0.190102311
norway,Secondary,3,49,0,NW,10,open,2603,3,1.9,1.1,36.66666667,-29.85,47.61,-6.246666667,1.516666667,31.40818816,0.017320508,4.052435482,0.037564759,0.132832392,0.190102311
norway,Secondary,3,49,0,NW,10,under,2605,3,2.3,0.7,23.33333333,-29.85,47.61,-6.246666667,1.516666667,31.40818816,0.017320508,4.052435482,0.037564759,0.132832392,0.190102311
norway,Secondary,3,49,0,NW,10,under,2606,3,2.2,0.8,26.66666667,-29.85,47.61,-6.246666667,1.516666667,31.40818816,0.017320508,4.052435482,0.037564759,0.132832392,0.190102311
norway,Secondary,3,49,0,NW,10,open,2607,3,2.4,0.6,20,-29.85,47.61,-6.246666667,1.516666667,31.40818816,0.017320508,4.052435482,0.037564759,0.132832392,0.190102311
norway,Secondary,4,50,0,W,10,open,2543,3,1.5,1.5,50,-28.6,46.57333333,-7.25,1.316666667,35.46080424,0.028867513,0.188355456,0.075498344,0.043333333,1.347571073
norway,Secondary,4,50,0,W,10,under,2592,3,2.8,0.2,6.666666667,-28.6,46.57333333,-7.25,1.316666667,35.46080424,0.028867513,0.188355456,0.075498344,0.043333333,1.347571073
norway,Secondary,4,50,0,W,10,under,2596,3,2.4,0.6,20,-28.6,46.57333333,-7.25,1.316666667,35.46080424,0.028867513,0.188355456,0.075498344,0.043333333,1.347571073
norway,Secondary,4,50,0,W,10,under,2597,3,2.3,0.7,23.33333333,-28.6,46.57333333,-7.25,1.316666667,35.46080424,0.028867513,0.188355456,0.075498344,0.043333333,1.347571073
norway,Secondary,4,50,0,W,10,under,2598,3,2.3,0.7,23.33333333,-28.6,46.57333333,-7.25,1.316666667,35.46080424,0.028867513,0.188355456,0.075498344,0.043333333,1.347571073
norway,Secondary,4,50,0,W,10,under,2600,3,2.3,0.7,23.33333333,-28.6,46.57333333,-7.25,1.316666667,35.46080424,0.028867513,0.188355456,0.075498344,0.043333333,1.347571073
norway,Secondary,5,51,16,NW,11,under,2586,3,2,1,33.33333333,-28.51333333,50.99333333,-6.116666667,1.73,29.464473,0.031797973,3.001035007,0.027284509,0.011547005,1.611966392
norway,Secondary,5,51,16,NW,11,under,2588,3,2.2,0.8,26.66666667,-28.51333333,50.99333333,-6.116666667,1.73,29.464473,0.031797973,3.001035007,0.027284509,0.011547005,1.611966392
norway,Secondary,5,51,16,NW,11,open,2590,3,2.2,0.8,26.66666667,-28.51333333,50.99333333,-6.116666667,1.73,29.464473,0.031797973,3.001035007,0.027284509,0.011547005,1.611966392
norway,Secondary,5,51,16,NW,11,under,2591,3,2.2,0.8,26.66666667,-28.51333333,50.99333333,-6.116666667,1.73,29.464473,0.031797973,3.001035007,0.027284509,0.011547005,1.611966392
norway,Secondary,5,51,16,NW,11,under,2595,3,2.2,0.8,26.66666667,-28.51333333,50.99333333,-6.116666667,1.73,29.464473,0.031797973,3.001035007,0.027284509,0.011547005,1.611966392
norway,Secondary,6,52,0,NW,11,under,2502,3.1,2.1,1,32.25806452,-28.61,48.71333333,-6.35,1.44,33.90557426,0.032145503,2.119003959,0.052915026,0.088881944,0.704662456
norway,Secondary,6,52,0,NW,11,under,2503,3.1,2,1.1,35.48387097,-28.61,48.71333333,-6.35,1.44,33.90557426,0.032145503,2.119003959,0.052915026,0.088881944,0.704662456
norway,Secondary,6,52,0,NW,11,under,2506,3,1.9,1.1,36.66666667,-28.61,48.71333333,-6.35,1.44,33.90557426,0.032145503,2.119003959,0.052915026,0.088881944,0.704662456
norway,Secondary,6,52,0,NW,11,under,2507,3,2,1,33.33333333,-28.61,48.71333333,-6.35,1.44,33.90557426,0.032145503,2.119003959,0.052915026,0.088881944,0.704662456
norway,Secondary,6,52,0,NW,11,open,2508,3.1,2.5,0.6,19.35483871,-28.61,48.71333333,-6.35,1.44,33.90557426,0.032145503,2.119003959,0.052915026,0.088881944,0.704662456
norway,Secondary,7,53,0,W,11,under,2577,3.1,2.3,0.8,25.80645161,-28.77,44.98666667,-6.066666667,1.516666667,29.65170481,0.015275252,1.206680479,0.11780398,0.026034166,0.29346547
norway,Secondary,7,53,0,W,11,under,2578,3.1,2.1,1,32.25806452,-28.77,44.98666667,-6.066666667,1.516666667,29.65170481,0.015275252,1.206680479,0.11780398,0.026034166,0.29346547
norway,Secondary,7,53,0,W,11,open,2579,3.1,3,0.1,3.225806452,-28.77,44.98666667,-6.066666667,1.516666667,29.65170481,0.015275252,1.206680479,0.11780398,0.026034166,0.29346547
norway,Secondary,7,53,0,W,11,under,2580,3.1,2.2,0.9,29.03225806,-28.77,44.98666667,-6.066666667,1.516666667,29.65170481,0.015275252,1.206680479,0.11780398,0.026034166,0.29346547
norway,Secondary,7,53,0,W,11,open,2581,3.1,2.2,0.9,29.03225806,-28.77,44.98666667,-6.066666667,1.516666667,29.65170481,0.015275252,1.206680479,0.11780398,0.026034166,0.29346547
norway,Secondary,7,53,0,W,11,under,2582,3.1,2.2,0.9,29.03225806,-28.77,44.98666667,-6.066666667,1.516666667,29.65170481,0.015275252,1.206680479,0.11780398,0.026034166,0.29346547
norway,Secondary,7,53,0,W,11,under,2584,3.1,2.1,1,32.25806452,-28.77,44.98666667,-6.066666667,1.516666667,29.65170481,0.015275252,1.206680479,0.11780398,0.026034166,0.29346547
norway,Secondary,7,53,0,W,11,under,2587,3.1,2.6,0.5,16.12903226,-28.77,44.98666667,-6.066666667,1.516666667,29.65170481,0.015275252,1.206680479,0.11780398,0.026034166,0.29346547
norway,Secondary,8,54,16,W,11,under,2509,3.1,2.2,0.9,29.03225806,-28.60333333,41.44,-4.42,1.54,26.87847131,0.018559215,2.00157438,0.055075705,0.037859389,0.653292517
norway,Secondary,8,54,16,W,11,open,2510,3.1,2.1,1,32.25806452,-28.60333333,41.44,-4.42,1.54,26.87847131,0.018559215,2.00157438,0.055075705,0.037859389,0.653292517
norway,Secondary,8,54,16,W,11,open,2511,3.1,2.4,0.7,22.58064516,-28.60333333,41.44,-4.42,1.54,26.87847131,0.018559215,2.00157438,0.055075705,0.037859389,0.653292517
norway,Secondary,8,54,16,W,11,under,2512,3,2.4,0.6,20,-28.60333333,41.44,-4.42,1.54,26.87847131,0.018559215,2.00157438,0.055075705,0.037859389,0.653292517
norway,Secondary,8,54,16,W,11,open,2513,3,2.9,0.1,3.333333333,-28.60333333,41.44,-4.42,1.54,26.87847131,0.018559215,2.00157438,0.055075705,0.037859389,0.653292517
norway,Secondary,8,54,16,W,11,under,2514,3,2.3,0.7,23.33333333,-28.60333333,41.44,-4.42,1.54,26.87847131,0.018559215,2.00157438,0.055075705,0.037859389,0.653292517
norway,Secondary,8,54,16,W,11,under,2515,3,2.1,0.9,30,-28.60333333,41.44,-4.42,1.54,26.87847131,0.018559215,2.00157438,0.055075705,0.037859389,0.653292517
norway,Secondary,9,55,16,W,12,under,2517,3.1,1.8,1.3,41.93548387,-28.54333333,49.71333333,-5.376666667,1.233333333,40.48751837,0.018559215,0.831591513,0.115662344,0.069602043,1.591608456
norway,Secondary,9,55,16,W,12,under,2518,3.1,1.9,1.2,38.70967742,-28.54333333,49.71333333,-5.376666667,1.233333333,40.48751837,0.018559215,0.831591513,0.115662344,0.069602043,1.591608456
norway,Secondary,9,55,16,W,12,open,2519,3,2.4,0.6,20,-28.54333333,49.71333333,-5.376666667,1.233333333,40.48751837,0.018559215,0.831591513,0.115662344,0.069602043,1.591608456
norway,Secondary,9,55,16,W,12,under,2521,3,1.8,1.2,40,-28.54333333,49.71333333,-5.376666667,1.233333333,40.48751837,0.018559215,0.831591513,0.115662344,0.069602043,1.591608456
norway,Secondary,9,55,16,W,12,under,2522,3,1.9,1.1,36.66666667,-28.54333333,49.71333333,-5.376666667,1.233333333,40.48751837,0.018559215,0.831591513,0.115662344,0.069602043,1.591608456
norway,Secondary,9,55,16,W,12,under,2523,2.4,1.9,0.5,20.83333333,-28.54333333,49.71333333,-5.376666667,1.233333333,40.48751837,0.018559215,0.831591513,0.115662344,0.069602043,1.591608456
norway,Secondary,9,55,16,W,12,open,2524,3,1.7,1.3,43.33333333,-28.54333333,49.71333333,-5.376666667,1.233333333,40.48751837,0.018559215,0.831591513,0.115662344,0.069602043,1.591608456
norway,Secondary,10,56,0,W,12,under,2533,3,1.8,1.2,40,-27.73333333,51.77333333,-2.633333333,1.503333333,36.28783619,0.090246576,0.856160681,0.13568755,0.232115871,5.995719203
norway,Secondary,10,56,0,W,12,under,2534,3,1.8,1.2,40,-27.73333333,51.77333333,-2.633333333,1.503333333,36.28783619,0.090246576,0.856160681,0.13568755,0.232115871,5.995719203
norway,Secondary,10,56,0,W,12,under,2535,3,2.1,0.9,30,-27.73333333,51.77333333,-2.633333333,1.503333333,36.28783619,0.090246576,0.856160681,0.13568755,0.232115871,5.995719203
norway,Secondary,10,56,0,W,12,open,2536,3,0.7,2.3,76.66666667,-27.73333333,51.77333333,-2.633333333,1.503333333,36.28783619,0.090246576,0.856160681,0.13568755,0.232115871,5.995719203
norway,Secondary,10,56,0,W,12,under,2537,3,2.1,0.9,30,-27.73333333,51.77333333,-2.633333333,1.503333333,36.28783619,0.090246576,0.856160681,0.13568755,0.232115871,5.995719203
norway,Secondary,12,57,0,NW,12,under,2539,3,3,0,0,-28.09666667,44.65333333,-5.32,1.433333333,31.17601022,0.034801022,1.537924287,0.101159939,0.038441875,1.103133654
norway,Secondary,12,57,0,NW,12,under,2541,3,2.2,0.8,26.66666667,-28.09666667,44.65333333,-5.32,1.433333333,31.17601022,0.034801022,1.537924287,0.101159939,0.038441875,1.103133654
norway,Secondary,12,57,0,NW,12,under,2542,3,2.2,0.8,26.66666667,-28.09666667,44.65333333,-5.32,1.433333333,31.17601022,0.034801022,1.537924287,0.101159939,0.038441875,1.103133654
norway,Secondary,12,57,0,NW,12,under,2544,3,2.1,0.9,30,-28.09666667,44.65333333,-5.32,1.433333333,31.17601022,0.034801022,1.537924287,0.101159939,0.038441875,1.103133654
norway,Secondary,12,57,0,NW,12,open,2546,3,1.2,1.8,60,-28.09666667,44.65333333,-5.32,1.433333333,31.17601022,0.034801022,1.537924287,0.101159939,0.038441875,1.103133654
west,Primary,1,19,0,NW,4,open,2568,3,1.2,1.8,60,-28.72333333,53.88333333,-4.306666667,1.606666667,33.77993279,0.012018504,1.923749233,0.058118653,0.076883751,2.602212619
west,Primary,1,19,0,NW,4,under,2569,3,2.3,0.7,23.33333333,-28.72333333,53.88333333,-4.306666667,1.606666667,33.77993279,0.012018504,1.923749233,0.058118653,0.076883751,2.602212619
west,Primary,1,19,0,NW,4,under,2571,3,2.4,0.6,20,-28.72333333,53.88333333,-4.306666667,1.606666667,33.77993279,0.012018504,1.923749233,0.058118653,0.076883751,2.602212619
west,Primary,1,19,0,NW,4,open,2573,3,2.9,0.1,3.333333333,-28.72333333,53.88333333,-4.306666667,1.606666667,33.77993279,0.012018504,1.923749233,0.058118653,0.076883751,2.602212619
west,Primary,1,19,0,NW,4,open,2574,3,2.8,0.2,6.666666667,-28.72333333,53.88333333,-4.306666667,1.606666667,33.77993279,0.012018504,1.923749233,0.058118653,0.076883751,2.602212619
west,Primary,1,19,0,NW,4,under,2952,3,2.4,0.6,20,-28.72333333,53.88333333,-4.306666667,1.606666667,33.77993279,0.012018504,1.923749233,0.058118653,0.076883751,2.602212619
west,Primary,2,20,8,NW,4,open,2559,3,2.2,0.8,26.66666667,-27.02666667,48.28666667,-2.683333333,1.683333333,28.68334567,0.034801022,1.085546457,0.076883751,0.035276684,0.044248328
west,Primary,2,20,8,NW,4,under,2560,3,2.5,0.5,16.66666667,-27.02666667,48.28666667,-2.683333333,1.683333333,28.68334567,0.034801022,1.085546457,0.076883751,0.035276684,0.044248328
west,Primary,2,20,8,NW,4,under,2561,3,0.2,2.8,93.33333333,-27.02666667,48.28666667,-2.683333333,1.683333333,28.68334567,0.034801022,1.085546457,0.076883751,0.035276684,0.044248328
west,Primary,2,20,8,NW,4,under,2562,3,1.1,1.9,63.33333333,-27.02666667,48.28666667,-2.683333333,1.683333333,28.68334567,0.034801022,1.085546457,0.076883751,0.035276684,0.044248328
west,Primary,2,20,8,NW,4,under,2563,3,2.5,0.5,16.66666667,-27.02666667,48.28666667,-2.683333333,1.683333333,28.68334567,0.034801022,1.085546457,0.076883751,0.035276684,0.044248328
west,Primary,2,20,8,NW,4,open,2564,3,2.7,0.3,10,-27.02666667,48.28666667,-2.683333333,1.683333333,28.68334567,0.034801022,1.085546457,0.076883751,0.035276684,0.044248328
west,Primary,2,20,8,NW,4,open,2565,3,1.7,1.3,43.33333333,-27.02666667,48.28666667,-2.683333333,1.683333333,28.68334567,0.034801022,1.085546457,0.076883751,0.035276684,0.044248328
west,Primary,2,20,8,NW,4,under,2566,3,2.5,0.5,16.66666667,-27.02666667,48.28666667,-2.683333333,1.683333333,28.68334567,0.034801022,1.085546457,0.076883751,0.035276684,0.044248328
west,Primary,2,20,8,NW,4,under,2960,3,1.6,1.4,46.66666667,-27.02666667,48.28666667,-2.683333333,1.683333333,28.68334567,0.034801022,1.085546457,0.076883751,0.035276684,0.044248328
west,Primary,2,20,8,NW,4,under,2963,3,2,1,33.33333333,-27.02666667,48.28666667,-2.683333333,1.683333333,28.68334567,0.034801022,1.085546457,0.076883751,0.035276684,0.044248328
west,Primary,3,21,8,W,4,open,2547,3,2,1,33.33333333,-26.48333333,40.71,-2.2,1.736666667,23.48673612,0.023333333,0.258650343,0.105830052,0.049777282,0.791777266
west,Primary,3,21,8,W,4,under,2551,3,1.5,1.5,50,-26.48333333,40.71,-2.2,1.736666667,23.48673612,0.023333333,0.258650343,0.105830052,0.049777282,0.791777266
west,Primary,3,21,8,W,4,under,2552,3,1.7,1.3,43.33333333,-26.48333333,40.71,-2.2,1.736666667,23.48673612,0.023333333,0.258650343,0.105830052,0.049777282,0.791777266
west,Primary,3,21,8,W,4,under,2553,3,1,2,66.66666667,-26.48333333,40.71,-2.2,1.736666667,23.48673612,0.023333333,0.258650343,0.105830052,0.049777282,0.791777266
west,Primary,3,21,8,W,4,open,2554,3,2.7,0.3,10,-26.48333333,40.71,-2.2,1.736666667,23.48673612,0.023333333,0.258650343,0.105830052,0.049777282,0.791777266
west,Primary,4,22,0,W,4,under,2555,2.1,1.9,0.2,9.523809524,-28.81666667,49.81666667,-3.43,1.71,29.21586096,0.07535103,0.431676319,0.092915732,0.066583281,1.097800978
west,Primary,4,22,0,W,4,under,2557,2.1,0.9,1.2,57.14285714,-28.81666667,49.81666667,-3.43,1.71,29.21586096,0.07535103,0.431676319,0.092915732,0.066583281,1.097800978
west,Primary,4,22,0,W,4,under,2558,2.1,1,1.1,52.38095238,-28.81666667,49.81666667,-3.43,1.71,29.21586096,0.07535103,0.431676319,0.092915732,0.066583281,1.097800978
west,Primary,4,22,0,W,4,open,2701,2.1,2,0.1,4.761904762,-28.81666667,49.81666667,-3.43,1.71,29.21586096,0.07535103,0.431676319,0.092915732,0.066583281,1.097800978
west,Primary,4,22,0,W,4,under,2702,2.1,1,1.1,52.38095238,-28.81666667,49.81666667,-3.43,1.71,29.21586096,0.07535103,0.431676319,0.092915732,0.066583281,1.097800978
west,Primary,4,22,0,W,4,open,2703,2.1,1.6,0.5,23.80952381,-28.81666667,49.81666667,-3.43,1.71,29.21586096,0.07535103,0.431676319,0.092915732,0.066583281,1.097800978
west,Primary,4,22,0,W,4,open,2704,2.1,1.2,0.9,42.85714286,-28.81666667,49.81666667,-3.43,1.71,29.21586096,0.07535103,0.431676319,0.092915732,0.066583281,1.097800978
west,Primary,5,23,16,NW,4,under,2705,3,2.2,0.8,26.66666667,-27.99666667,48.79333333,-1.283333333,1.416666667,34.48593148,0.086474145,0.440466924,0.023333333,0.040960686,0.777007796
west,Primary,5,23,16,NW,4,open,2706,3,2.5,0.5,16.66666667,-27.99666667,48.79333333,-1.283333333,1.416666667,34.48593148,0.086474145,0.440466924,0.023333333,0.040960686,0.777007796
west,Primary,5,23,16,NW,4,under,2707,3,3,0,0,-27.99666667,48.79333333,-1.283333333,1.416666667,34.48593148,0.086474145,0.440466924,0.023333333,0.040960686,0.777007796
west,Primary,5,23,16,NW,4,under,2708,3,2,1,33.33333333,-27.99666667,48.79333333,-1.283333333,1.416666667,34.48593148,0.086474145,0.440466924,0.023333333,0.040960686,0.777007796
west,Primary,5,23,16,NW,4,open,2709,3,2.6,0.4,13.33333333,-27.99666667,48.79333333,-1.283333333,1.416666667,34.48593148,0.086474145,0.440466924,0.023333333,0.040960686,0.777007796
west,Primary,5,23,16,NW,4,open,2710,3,1.9,1.1,36.66666667,-27.99666667,48.79333333,-1.283333333,1.416666667,34.48593148,0.086474145,0.440466924,0.023333333,0.040960686,0.777007796
west,Primary,5,23,16,NW,4,under,2711,3,1.2,1.8,60,-27.99666667,48.79333333,-1.283333333,1.416666667,34.48593148,0.086474145,0.440466924,0.023333333,0.040960686,0.777007796
west,Primary,5,23,16,NW,4,open,2712,3,2.8,0.2,6.666666667,-27.99666667,48.79333333,-1.283333333,1.416666667,34.48593148,0.086474145,0.440466924,0.023333333,0.040960686,0.777007796
west,Primary,6,24,16,W,4,open,2713,2,0.5,1.5,75,-27.24,45.07,-2.416666667,1.61,28.09378242,0.005773503,0.678847062,0.140988573,0.065064071,1.300888441
west,Primary,6,24,16,W,4,under,2714,2,1.4,0.6,30,-27.24,45.07,-2.416666667,1.61,28.09378242,0.005773503,0.678847062,0.140988573,0.065064071,1.300888441
west,Primary,6,24,16,W,4,under,2795,2,1.7,0.3,15,-27.24,45.07,-2.416666667,1.61,28.09378242,0.005773503,0.678847062,0.140988573,0.065064071,1.300888441
west,Primary,6,24,16,W,4,open,2796,2,1.4,0.6,30,-27.24,45.07,-2.416666667,1.61,28.09378242,0.005773503,0.678847062,0.140988573,0.065064071,1.300888441
west,Primary,6,24,16,W,4,under,2798,2,1.7,0.3,15,-27.24,45.07,-2.416666667,1.61,28.09378242,0.005773503,0.678847062,0.140988573,0.065064071,1.300888441
west,Primary,6,24,16,W,4,open,2800,2,1.2,0.8,40,-27.24,45.07,-2.416666667,1.61,28.09378242,0.005773503,0.678847062,0.140988573,0.065064071,1.300888441
west,Primary,8,25,0,NW,5,open,2715,2.1,2.1,0,0,-28.96666667,47.94,-5.536666667,1.28,37.58068831,0.077960104,1.874415464,0.044845413,0.077674535,1.261146782
west,Primary,8,25,0,NW,5,open,2716,2.1,2.1,0,0,-28.96666667,47.94,-5.536666667,1.28,37.58068831,0.077960104,1.874415464,0.044845413,0.077674535,1.261146782
west,Primary,8,25,0,NW,5,open,2717,2.1,2,0.1,4.761904762,-28.96666667,47.94,-5.536666667,1.28,37.58068831,0.077960104,1.874415464,0.044845413,0.077674535,1.261146782
west,Primary,8,25,0,NW,5,under,2718,2.1,2,0.1,4.761904762,-28.96666667,47.94,-5.536666667,1.28,37.58068831,0.077960104,1.874415464,0.044845413,0.077674535,1.261146782
west,Primary,8,25,0,NW,5,under,2719,2.1,1.8,0.3,14.28571429,-28.96666667,47.94,-5.536666667,1.28,37.58068831,0.077960104,1.874415464,0.044845413,0.077674535,1.261146782
west,Primary,8,25,0,NW,5,under,2720,2.1,1.9,0.2,9.523809524,-28.96666667,47.94,-5.536666667,1.28,37.58068831,0.077960104,1.874415464,0.044845413,0.077674535,1.261146782
west,Primary,8,25,0,NW,5,open,2721,2.1,1.9,0.2,9.523809524,-28.96666667,47.94,-5.536666667,1.28,37.58068831,0.077960104,1.874415464,0.044845413,0.077674535,1.261146782
west,Primary,8,25,0,NW,5,under,2722,2.1,1.7,0.4,19.04761905,-28.96666667,47.94,-5.536666667,1.28,37.58068831,0.077960104,1.874415464,0.044845413,0.077674535,1.261146782
west,Primary,9,26,8,NW,5,under,2723,3.1,2.3,0.8,25.80645161,-28.32666667,44.68,-3.033333333,1.473333333,30.31875492,0.017638342,1.679493971,0.063333333,0.049777282,0.23322568
west,Primary,9,26,8,NW,5,under,2725,3.1,2.8,0.3,9.677419355,-28.32666667,44.68,-3.033333333,1.473333333,30.31875492,0.017638342,1.679493971,0.063333333,0.049777282,0.23322568
west,Primary,9,26,8,NW,5,under,2726,3.1,2.2,0.9,29.03225806,-28.32666667,44.68,-3.033333333,1.473333333,30.31875492,0.017638342,1.679493971,0.063333333,0.049777282,0.23322568
west,Primary,9,26,8,NW,5,open,2727,3.1,2.3,0.8,25.80645161,-28.32666667,44.68,-3.033333333,1.473333333,30.31875492,0.017638342,1.679493971,0.063333333,0.049777282,0.23322568
west,Primary,9,26,8,NW,5,open,2728,3.1,2.6,0.5,16.12903226,-28.32666667,44.68,-3.033333333,1.473333333,30.31875492,0.017638342,1.679493971,0.063333333,0.049777282,0.23322568
west,Primary,9,26,8,NW,5,under,2728,3.1,1.9,1.2,38.70967742,-28.32666667,44.68,-3.033333333,1.473333333,30.31875492,0.017638342,1.679493971,0.063333333,0.049777282,0.23322568
west,Primary,9,26,8,NW,5,open,2729,3.1,3.1,0,0,-28.32666667,44.68,-3.033333333,1.473333333,30.31875492,0.017638342,1.679493971,0.063333333,0.049777282,0.23322568
west,Primary,9,26,8,NW,5,open,2730,3.1,1.9,1.2,38.70967742,-28.32666667,44.68,-3.033333333,1.473333333,30.31875492,0.017638342,1.679493971,0.063333333,0.049777282,0.23322568
west,Primary,10,27,16,NW,5,under,2731,3,3,0,0,-28.11333333,48.76,-1.49,1.376666667,35.44950627,0.053644923,1.336126242,0.089628864,0.037118429,1.080900286
west,Primary,10,27,16,NW,5,under,2732,3,2.5,0.5,16.66666667,-28.11333333,48.76,-1.49,1.376666667,35.44950627,0.053644923,1.336126242,0.089628864,0.037118429,1.080900286
west,Primary,10,27,16,NW,5,under,2734,3,1.9,1.1,36.66666667,-28.11333333,48.76,-1.49,1.376666667,35.44950627,0.053644923,1.336126242,0.089628864,0.037118429,1.080900286
west,Primary,10,27,16,NW,5,open,2735,3,2.9,0.1,3.333333333,-28.11333333,48.76,-1.49,1.376666667,35.44950627,0.053644923,1.336126242,0.089628864,0.037118429,1.080900286
west,Primary,10,27,16,NW,5,open,2736,3,2.3,0.7,23.33333333,-28.11333333,48.76,-1.49,1.376666667,35.44950627,0.053644923,1.336126242,0.089628864,0.037118429,1.080900286
west,Primary,10,27,16,NW,5,open,2737,3,0.5,2.5,83.33333333,-28.11333333,48.76,-1.49,1.376666667,35.44950627,0.053644923,1.336126242,0.089628864,0.037118429,1.080900286
west,Primary,10,27,16,NW,5,under,2738,3,2.5,0.5,16.66666667,-28.11333333,48.76,-1.49,1.376666667,35.44950627,0.053644923,1.336126242,0.089628864,0.037118429,1.080900286
west,Primary,11,28,0,W,5,under,2739,3,3,0,0,-28.41,44.78666667,-4.543333333,1.353333333,33.19899065,0.037859389,0.662377871,0.125476868,0.049777282,1.485935768
west,Primary,11,28,0,W,5,under,2740,3,1.6,1.4,46.66666667,-28.41,44.78666667,-4.543333333,1.353333333,33.19899065,0.037859389,0.662377871,0.125476868,0.049777282,1.485935768
west,Primary,11,28,0,W,5,open,2741,3,1.5,1.5,50,-28.41,44.78666667,-4.543333333,1.353333333,33.19899065,0.037859389,0.662377871,0.125476868,0.049777282,1.485935768
west,Primary,11,28,0,W,5,open,2743,3,1.5,1.5,50,-28.41,44.78666667,-4.543333333,1.353333333,33.19899065,0.037859389,0.662377871,0.125476868,0.049777282,1.485935768
west,Primary,11,28,0,W,5,open,2745,3,2.5,0.5,16.66666667,-28.41,44.78666667,-4.543333333,1.353333333,33.19899065,0.037859389,0.662377871,0.125476868,0.049777282,1.485935768
west,Primary,11,28,0,W,5,open,2746,3,2.6,0.4,13.33333333,-28.41,44.78666667,-4.543333333,1.353333333,33.19899065,0.037859389,0.662377871,0.125476868,0.049777282,1.485935768
west,Primary,12,29,16,W,5,open,2747,3,2.1,0.9,30,-28.95666667,48.95333333,-1.85,1.43,34.22901085,0.016666667,0.910610296,0.037859389,0.01,0.455803325
west,Primary,12,29,16,W,5,open,2748,3,2.2,0.8,26.66666667,-28.95666667,48.95333333,-1.85,1.43,34.22901085,0.016666667,0.910610296,0.037859389,0.01,0.455803325
west,Primary,12,29,16,W,5,open,2749,3,2.4,0.6,20,-28.95666667,48.95333333,-1.85,1.43,34.22901085,0.016666667,0.910610296,0.037859389,0.01,0.455803325
west,Primary,12,29,16,W,5,under,2750,3,2.1,0.9,30,-28.95666667,48.95333333,-1.85,1.43,34.22901085,0.016666667,0.910610296,0.037859389,0.01,0.455803325
west,Primary,12,29,16,W,5,open,2751,2,0.9,1.1,55,-28.95666667,48.95333333,-1.85,1.43,34.22901085,0.016666667,0.910610296,0.037859389,0.01,0.455803325
west,Primary,12,29,16,W,5,under,2752,2,2,0,0,-28.95666667,48.95333333,-1.85,1.43,34.22901085,0.016666667,0.910610296,0.037859389,0.01,0.455803325
west,Primary,12,29,16,W,5,under,2753,2,1.7,0.3,15,-28.95666667,48.95333333,-1.85,1.43,34.22901085,0.016666667,0.910610296,0.037859389,0.01,0.455803325
west,Primary,12,29,16,W,5,under,2754,2,2,0,0,-28.95666667,48.95333333,-1.85,1.43,34.22901085,0.016666667,0.910610296,0.037859389,0.01,0.455803325
west,Primary,13,30,16,NW,6,under,2755,2,1.4,0.6,30,-27.41,54.75666667,-1.57,1.303333333,43.01813025,0.01,1.17822371,0.060277138,0.142400062,4.66088068
west,Primary,13,30,16,NW,6,under,2756,2,1.6,0.4,20,-27.41,54.75666667,-1.57,1.303333333,43.01813025,0.01,1.17822371,0.060277138,0.142400062,4.66088068
west,Primary,13,30,16,NW,6,under,2757,2,0.9,1.1,55,-27.41,54.75666667,-1.57,1.303333333,43.01813025,0.01,1.17822371,0.060277138,0.142400062,4.66088068
west,Primary,13,30,16,NW,6,open,2758,2,0.7,1.3,65,-27.41,54.75666667,-1.57,1.303333333,43.01813025,0.01,1.17822371,0.060277138,0.142400062,4.66088068
west,Primary,13,30,16,NW,6,open,2759,2,1,1,50,-27.41,54.75666667,-1.57,1.303333333,43.01813025,0.01,1.17822371,0.060277138,0.142400062,4.66088068
west,Primary,13,30,16,NW,6,open,2760,2,1.4,0.6,30,-27.41,54.75666667,-1.57,1.303333333,43.01813025,0.01,1.17822371,0.060277138,0.142400062,4.66088068
west,Primary,13,30,16,NW,6,under,2761,2,1.6,0.4,20,-27.41,54.75666667,-1.57,1.303333333,43.01813025,0.01,1.17822371,0.060277138,0.142400062,4.66088068
west,Primary,13,30,16,NW,6,open,2762,2,1.1,0.9,45,-27.41,54.75666667,-1.57,1.303333333,43.01813025,0.01,1.17822371,0.060277138,0.142400062,4.66088068
west,Primary,14,31,0,NW,6,under,2567,2,2,0,0,-29.71666667,50.55666667,-4.48,1.456666667,34.7257761,0.080897741,2.137454353,0.125299641,0.032829526,1.502089568
west,Primary,14,31,0,NW,6,under,2570,2,2,0,0,-29.71666667,50.55666667,-4.48,1.456666667,34.7257761,0.080897741,2.137454353,0.125299641,0.032829526,1.502089568
west,Primary,14,31,0,NW,6,open,2764,2,1.8,0.2,10,-29.71666667,50.55666667,-4.48,1.456666667,34.7257761,0.080897741,2.137454353,0.125299641,0.032829526,1.502089568
west,Primary,14,31,0,NW,6,under,2765,2,1.4,0.6,30,-29.71666667,50.55666667,-4.48,1.456666667,34.7257761,0.080897741,2.137454353,0.125299641,0.032829526,1.502089568
west,Primary,14,31,0,NW,6,open,2766,2,0.9,1.1,55,-29.71666667,50.55666667,-4.48,1.456666667,34.7257761,0.080897741,2.137454353,0.125299641,0.032829526,1.502089568
west,Primary,14,31,0,NW,6,open,2767,2,1.5,0.5,25,-29.71666667,50.55666667,-4.48,1.456666667,34.7257761,0.080897741,2.137454353,0.125299641,0.032829526,1.502089568
west,Primary,14,31,0,NW,6,under,2768,2,1.3,0.7,35,-29.71666667,50.55666667,-4.48,1.456666667,34.7257761,0.080897741,2.137454353,0.125299641,0.032829526,1.502089568
west,Primary,14,31,0,NW,6,under,2769,2,1.3,0.7,35,-29.71666667,50.55666667,-4.48,1.456666667,34.7257761,0.080897741,2.137454353,0.125299641,0.032829526,1.502089568
west,Primary,14,31,0,NW,6,open,2770,2,1.6,0.4,20,-29.71666667,50.55666667,-4.48,1.456666667,34.7257761,0.080897741,2.137454353,0.125299641,0.032829526,1.502089568
west,Primary,15,32,8,W,6,under,2771,2,1.1,0.9,45,-29.71666667,50.55666667,-4.48,1.456666667,34.7257761,0.080897741,2.137454353,0.125299641,0.032829526,1.502089568
west,Primary,15,32,8,W,6,under,2772,2,1.6,0.4,20,-29.71666667,50.55666667,-4.48,1.456666667,34.7257761,0.080897741,2.137454353,0.125299641,0.032829526,1.502089568
west,Primary,15,32,8,W,6,under,2773,2,1.4,0.6,30,-29.71666667,50.55666667,-4.48,1.456666667,34.7257761,0.080897741,2.137454353,0.125299641,0.032829526,1.502089568
west,Primary,15,32,8,W,6,open,2774,2,0.5,1.5,75,-29.71666667,50.55666667,-4.48,1.456666667,34.7257761,0.080897741,2.137454353,0.125299641,0.032829526,1.502089568
west,Primary,15,32,8,W,6,open,2776,2,1.2,0.8,40,-29.71666667,50.55666667,-4.48,1.456666667,34.7257761,0.080897741,2.137454353,0.125299641,0.032829526,1.502089568
west,Primary,15,32,8,W,6,open,2777,2,1.2,0.8,40,-29.71666667,50.55666667,-4.48,1.456666667,34.7257761,0.080897741,2.137454353,0.125299641,0.032829526,1.502089568
west,Primary,16,33,16,W,6,open,2778,3,2.4,0.6,20,-28.25666667,46.01333333,-1.216666667,1.63,28.32130958,0.159826295,1.337813307,0.133832399,0.072341781,1.33419943
west,Primary,16,33,16,W,6,under,2779,3,1.2,1.8,60,-28.25666667,46.01333333,-1.216666667,1.63,28.32130958,0.159826295,1.337813307,0.133832399,0.072341781,1.33419943
west,Primary,16,33,16,W,6,under,2780,3,2.5,0.5,16.66666667,-28.25666667,46.01333333,-1.216666667,1.63,28.32130958,0.159826295,1.337813307,0.133832399,0.072341781,1.33419943
west,Primary,16,33,16,W,6,open,2781,3,2.3,0.7,23.33333333,-28.25666667,46.01333333,-1.216666667,1.63,28.32130958,0.159826295,1.337813307,0.133832399,0.072341781,1.33419943
west,Primary,16,33,16,W,6,under,2782,3,2.3,0.7,23.33333333,-28.25666667,46.01333333,-1.216666667,1.63,28.32130958,0.159826295,1.337813307,0.133832399,0.072341781,1.33419943
west,Primary,16,33,16,W,6,open,2783,3,2.5,0.5,16.66666667,-28.25666667,46.01333333,-1.216666667,1.63,28.32130958,0.159826295,1.337813307,0.133832399,0.072341781,1.33419943
west,Primary,16,33,16,W,6,open,2784,3,1.9,1.1,36.66666667,-28.25666667,46.01333333,-1.216666667,1.63,28.32130958,0.159826295,1.337813307,0.133832399,0.072341781,1.33419943
west,Primary,16,33,16,W,6,under,2785,3,2.4,0.6,20,-28.25666667,46.01333333,-1.216666667,1.63,28.32130958,0.159826295,1.337813307,0.133832399,0.072341781,1.33419943
west,Primary,17,34,8,NW,6,open,2786,2,0.6,1.4,70,-28.49666667,46.81,-3.6,1.55,30.28125893,0.100388136,1.225085031,0.060827625,0.078102497,0.860121168
west,Primary,17,34,8,NW,6,open,2787,2,1.4,0.6,30,-28.49666667,46.81,-3.6,1.55,30.28125893,0.100388136,1.225085031,0.060827625,0.078102497,0.860121168
west,Primary,17,34,8,NW,6,under,2788,2,0.8,1.2,60,-28.49666667,46.81,-3.6,1.55,30.28125893,0.100388136,1.225085031,0.060827625,0.078102497,0.860121168
west,Primary,17,34,8,NW,6,under,2789,2,1.4,0.6,30,-28.49666667,46.81,-3.6,1.55,30.28125893,0.100388136,1.225085031,0.060827625,0.078102497,0.860121168
west,Primary,17,34,8,NW,6,under,2791,2,1.2,0.8,40,-28.49666667,46.81,-3.6,1.55,30.28125893,0.100388136,1.225085031,0.060827625,0.078102497,0.860121168
west,Primary,17,34,8,NW,6,open,2793,2,0.9,1.1,55,-28.49666667,46.81,-3.6,1.55,30.28125893,0.100388136,1.225085031,0.060827625,0.078102497,0.860121168
west,Primary,18,35,0,W,6,under,1740,3,1.8,1.2,40,-28.32666667,46.19333333,-5.27,1.266666667,36.49093703,0.029059326,2.867666492,0.02081666,0.08412953,0.172340435
west,Primary,18,35,0,W,6,open,1770,3.1,1.9,1.2,38.70967742,-28.32666667,46.19333333,-5.27,1.266666667,36.49093703,0.029059326,2.867666492,0.02081666,0.08412953,0.172340435
west,Primary,18,35,0,W,6,open,1870,3,2.8,0.2,6.666666667,-28.32666667,46.19333333,-5.27,1.266666667,36.49093703,0.029059326,2.867666492,0.02081666,0.08412953,0.172340435
west,Primary,18,35,0,W,6,open,1880,3,0,3,100,-28.32666667,46.19333333,-5.27,1.266666667,36.49093703,0.029059326,2.867666492,0.02081666,0.08412953,0.172340435
west,Primary,18,35,0,W,6,under,1900,3,2.2,0.8,26.66666667,-28.32666667,46.19333333,-5.27,1.266666667,36.49093703,0.029059326,2.867666492,0.02081666,0.08412953,0.172340435
west,Primary,18,35,0,W,6,open,1960,3,0.5,2.5,83.33333333,-28.32666667,46.19333333,-5.27,1.266666667,36.49093703,0.029059326,2.867666492,0.02081666,0.08412953,0.172340435
