Sample ID,site,plot,plot.unq,replicate,n.treat,weevil,block,21_d13c,21_mg.c.gsoil,21_d15n,21_mg.n.gsoil,18_mg.c.gsoil,18_mg.n.gsoil,18_c.mg.m2,18_n.mg.m2,litter_kg_m2_mean,herb_kg_m2_mean,som_kg_m2_mean,litter_kg_m2_std.error,herb_kg_m2_std.error,som_kg_m2_std.error,pH2019,percent.moist2019,bd.cores.g.cm3.2021,bd.pits.g.cm3.2018,sum.13,sum.14,sum.21,numberwillow,numberother,totalnumber,willowstemdiam,otherstemdiam,totalstemdiam,plantcover,plantcover.std.error
e1a,East,1,1,a,0,NW,1,-28.46,10.3,-0.31,0.307796497,5.28766481,0.327668481,0.013219162,0.000819171,1.924,0.0625,0.0255,0.313335816,0.011931518,0.007956479,5.72,7.38,1.39,1.268,154.6,348.7953244,426.3,5,4,9,568.6083997,123.1484685,691.7568683,2.6425,0.369133275
e1b,East,1,1,b,0,NW,1,-28.36,12.8,-0.59,0.301201166,3.850385625,0.295638875,0.009625964,0.000739097,1.924,0.0625,0.0255,0.313335816,0.011931518,0.007956479,5.72,7.38,1.39,1.268,154.6,348.7953244,426.3,5,4,9,568.6083997,123.1484685,691.7568683,2.6425,0.369133275
e1c,East,1,1,c,0,NW,1,-28.3,13.9,-0.2,0.293397849,8.453371852,0.533568642,0.02113343,0.001333922,1.924,0.0625,0.0255,0.313335816,0.011931518,0.007956479,5.72,7.38,1.39,1.268,154.6,348.7953244,426.3,5,4,9,568.6083997,123.1484685,691.7568683,2.6425,0.369133275
e2a,East,2,2,a,8,NW,1,-27.78,5.6,-0.44,0.32951028,7.995504783,0.586308551,0.019988762,0.001465771,2.7621875,0.061875,0.0190625,0.705568324,0.011865598,0.006220959,5.61,7.32,1.39,1.107,94.6,101.1200135,264.1,2,1,3,264.0643714,18.19767545,282.2620468,2.975,0.0625
e2b,East,2,2,b,8,NW,1,-27.95,5.3,-0.43,0.362576991,8.278525238,0.75126,0.020696313,0.00187815,2.7621875,0.061875,0.0190625,0.705568324,0.011865598,0.006220959,5.61,7.32,1.39,1.107,94.6,101.1200135,264.1,2,1,3,264.0643714,18.19767545,282.2620468,2.975,0.0625
e2c,East,2,2,c,8,NW,1,-27.6,5.3,0.56,0.344184615,5.300509702,0.428945522,0.013251274,0.001072364,2.7621875,0.061875,0.0190625,0.705568324,0.011865598,0.006220959,5.61,7.32,1.39,1.107,94.6,101.1200135,264.1,2,1,3,264.0643714,18.19767545,282.2620468,2.975,0.0625
e3a,East,3,3,a,16,NW,1,-27.49,10,0.82,0.649830769,5.428436667,0.379528889,0.013571092,0.000948822,2.365,0.067,0.01755,0.739962743,0.014042594,0.006775958,5.68,9.54,1.29,0.738,30.7,104.6935752,251.3,5,1,6,257.2184483,240.5281875,497.7466358,2.67,0.421596667
e3b,East,3,3,b,16,NW,1,-27.65,9,0.09,0.612603707,6.833558,0.488101778,0.017083895,0.001220254,2.365,0.067,0.01755,0.739962743,0.014042594,0.006775958,5.68,9.54,1.29,0.738,30.7,104.6935752,251.3,5,1,6,257.2184483,240.5281875,497.7466358,2.67,0.421596667
e3c,East,3,3,c,16,NW,1,-27.78,8.8,-0.16,0.632897796,6.955239333,0.480843778,0.017388098,0.001202109,2.365,0.067,0.01755,0.739962743,0.014042594,0.006775958,5.68,9.54,1.29,0.738,30.7,104.6935752,251.3,5,1,6,257.2184483,240.5281875,497.7466358,2.67,0.421596667
e4a,East,4,4,a,8,W,1,-27.11,5.6,-0.71,0.411320755,6.780492371,0.434136701,0.016951231,0.001085342,3.7495,0.029,0.00635,0.678114092,0.006934215,0.002198548,5.58,12.46,1.48,1.111,48.7,51.7027611,15.1,0,0,0,0,0,0,0,0
e4b,East,4,4,b,8,W,1,-27.24,5.3,-0.54,0.479866379,4.580392277,0.309359109,0.011450981,0.000773398,3.7495,0.029,0.00635,0.678114092,0.006934215,0.002198548,5.58,12.46,1.48,1.111,48.7,51.7027611,15.1,0,0,0,0,0,0,0,0
e4c,East,4,4,c,8,W,1,-27.38,5.2,-0.89,0.427760131,3.580454211,0.270893895,0.008951136,0.000677235,3.7495,0.029,0.00635,0.678114092,0.006934215,0.002198548,5.58,12.46,1.48,1.111,48.7,51.7027611,15.1,0,0,0,0,0,0,0,0
e5a,East,5,5,a,0,W,1,-27.96,9.3,-1.45,0.863388076,3.969998182,0.30501697,0.009924995,0.000762542,1.8125,0.0255,0.0085,0.524276088,0.00834832,0.002587362,5.94,12.86,1.47,1.327,161.9,185.5503161,65.5,5,2,7,65.46105196,6.271404335,71.7324563,1.1175,0.147775167
e5b,East,5,5,b,0,W,1,-28.08,8.3,-1.54,0.808523364,4.0832853,0.3210477,0.010208213,0.000802619,1.8125,0.0255,0.0085,0.524276088,0.00834832,0.002587362,5.94,12.86,1.47,1.327,161.9,185.5503161,65.5,5,2,7,65.46105196,6.271404335,71.7324563,1.1175,0.147775167
e5c,East,5,5,c,0,W,1,-28.09,7.3,-1.51,0.80432,5.216379091,0.391873737,0.013040948,0.000979684,1.8125,0.0255,0.0085,0.524276088,0.00834832,0.002587362,5.94,12.86,1.47,1.327,161.9,185.5503161,65.5,5,2,7,65.46105196,6.271404335,71.7324563,1.1175,0.147775167
e6a,East,6,6,a,16,W,1,-28.71,7.8,-2.38,0.483162268,3.32331455,0.28186348,0.008308286,0.000704659,3.262083333,0.032916667,0.020416667,0.625182915,0.006160982,0.007960802,5.64,13.48,1.15,1.145,122.2,183.9166879,251,10,2,12,396.0990703,34.54377472,430.6428451,1.9175,0.169416892
e6b,East,6,6,b,16,W,1,-28.47,7.1,-1.74,0.539592764,2.90147313,0.29288776,0.007253683,0.000732219,3.262083333,0.032916667,0.020416667,0.625182915,0.006160982,0.007960802,5.64,13.48,1.15,1.145,122.2,183.9166879,251,10,2,12,396.0990703,34.54377472,430.6428451,1.9175,0.169416892
e6c,East,6,6,c,16,W,1,-28.45,7.3,-1.95,0.535851982,3.24828677,0.38750954,0.008120717,0.000968774,3.262083333,0.032916667,0.020416667,0.625182915,0.006160982,0.007960802,5.64,13.48,1.15,1.145,122.2,183.9166879,251,10,2,12,396.0990703,34.54377472,430.6428451,1.9175,0.169416892
e7a,East,7,7,a,8,NW,2,-28.64,8.6,0.14,0.275777561,5.626590448,0.360926716,0.014066476,0.000902317,1.65475,0.07125,0.04435,0.259276625,0.012595469,0.01058643,5.94,11.48,1.27,1.179,124.6,308.5986464,623.5,8,2,10,840.0661953,18.83581145,858.9020067,2.7515625,0.343631778
e7b,East,7,7,b,8,NW,2,-28.26,7.8,0.28,0.29399003,4.511312813,0.269840625,0.011278282,0.000674602,1.65475,0.07125,0.04435,0.259276625,0.012595469,0.01058643,5.94,11.48,1.27,1.179,124.6,308.5986464,623.5,8,2,10,840.0661953,18.83581145,858.9020067,2.7515625,0.343631778
e7c,East,7,7,c,8,NW,2,-28.19,7.1,-0.12,0.318153846,6.981375938,0.421685625,0.01745344,0.001054214,1.65475,0.07125,0.04435,0.259276625,0.012595469,0.01058643,5.94,11.48,1.27,1.179,124.6,308.5986464,623.5,8,2,10,840.0661953,18.83581145,858.9020067,2.7515625,0.343631778
e8a,East,8,8,a,8,W,2,-27.64,4.1,-2.01,0.971670244,5.624192286,0.409972952,0.014060481,0.001024932,1.353636364,0.030227273,0.006977273,0.159285109,0.005715356,0.002999328,5.76,12.43,0.83,1.165,57.5,62.94180881,10.2,1,2,3,10.18857767,8.209295763,18.39787344,1.3,0
e8b,East,8,8,b,8,W,2,-27.3,4.4,-2.62,1.269192231,7.544068879,0.488456262,0.018860172,0.001221141,1.353636364,0.030227273,0.006977273,0.159285109,0.005715356,0.002999328,5.76,12.43,0.83,1.165,57.5,62.94180881,10.2,1,2,3,10.18857767,8.209295763,18.39787344,1.3,0
e8c,East,8,8,c,8,W,2,-27.74,4.4,-2.31,1.072493724,7.334336539,0.504988942,0.018335841,0.001262472,1.353636364,0.030227273,0.006977273,0.159285109,0.005715356,0.002999328,5.76,12.43,0.83,1.165,57.5,62.94180881,10.2,1,2,3,10.18857767,8.209295763,18.39787344,1.3,0
e9a,East,9,9,a,16,NW,2,-28.15,4.7,-0.31,0.328978995,5.111258667,0.389800444,0.012778147,0.000974501,3.33055,0.07875,0.04215,1.1403545,0.020416667,0.008361967,5.71,12.23,1.44,1.264,67.7,285.3587147,283.9,7,0,7,495.7311471,0,495.7311471,2.5625,0.387960556
e9b,East,9,9,b,16,NW,2,-27.94,5.1,-0.71,0.332319361,5.004480667,0.34048,0.012511202,0.0008512,3.33055,0.07875,0.04215,1.1403545,0.020416667,0.008361967,5.71,12.23,1.44,1.264,67.7,285.3587147,283.9,7,0,7,495.7311471,0,495.7311471,2.5625,0.387960556
e9c,East,9,9,c,16,NW,2,-28.09,5.2,-0.22,0.353269955,5.749822667,0.386532222,0.014374557,0.000966331,3.33055,0.07875,0.04215,1.1403545,0.020416667,0.008361967,5.71,12.23,1.44,1.264,67.7,285.3587147,283.9,7,0,7,495.7311471,0,495.7311471,2.5625,0.387960556
e10a,East,10,10,a,0,W,2,-28.34,3.2,-0.07,0.259746171,3.3590622,0.2580559,0.008397656,0.00064514,0.9915,0.03275,0.0081,0.146183484,0.008671873,0.003148015,5.36,10.25,1.18,1.434,51.5,86.20530241,19.2,3,1,4,34.22553139,8.270242661,42.49577405,1.1125,0.108972474
e10b,East,10,10,b,0,W,2,-28.45,3.6,-0.39,0.219037182,3.9221715,0.2980513,0.009805429,0.000745128,0.9915,0.03275,0.0081,0.146183484,0.008671873,0.003148015,5.36,10.25,1.18,1.434,51.5,86.20530241,19.2,3,1,4,34.22553139,8.270242661,42.49577405,1.1125,0.108972474
e10c,East,10,10,c,0,W,2,-28.55,3.9,-0.46,0.253485714,3.135393711,0.245223918,0.007838484,0.00061306,0.9915,0.03275,0.0081,0.146183484,0.008671873,0.003148015,5.36,10.25,1.18,1.434,51.5,86.20530241,19.2,3,1,4,34.22553139,8.270242661,42.49577405,1.1125,0.108972474
e11a,East,11,11,a,0,NW,2,-28.37,5.3,-0.59,0.335216461,2.698055185,0.207170864,0.006745138,0.000517927,2.251111111,0.076111111,0.065333333,0.410034956,0.015986708,0.01306368,5.49,9.27,1.47,1.289,183.2,264.0979864,546.4,4,0,4,546.414854,0,546.414854,2.95625,0.587134195
e11b,East,11,11,b,0,NW,2,-28.45,6.2,-0.55,0.347013567,1.623336071,0.096700119,0.00405834,0.00024175,2.251111111,0.076111111,0.065333333,0.410034956,0.015986708,0.01306368,5.49,9.27,1.47,1.289,183.2,264.0979864,546.4,4,0,4,546.414854,0,546.414854,2.95625,0.587134195
e11c,East,11,11,c,0,NW,2,-28.27,5.7,-0.36,0.384237321,3.549802771,0.244935181,0.008874507,0.000612338,2.251111111,0.076111111,0.065333333,0.410034956,0.015986708,0.01306368,5.49,9.27,1.47,1.289,183.2,264.0979864,546.4,4,0,4,546.414854,0,546.414854,2.95625,0.587134195
e12a,East,12,12,a,16,W,2,-28.55,4.7,-2.28,0.44907286,3.021212344,0.207556719,0.007553031,0.000518892,3.115227273,0.012954545,0.003977273,0.685595002,0.005176632,0.002361734,5.84,10.38,1.28,1.237,12.5,79.45087821,62.6,4,1,5,62.53135973,4.476769531,67.00812927,1.4125,0.118035129
e12b,East,12,12,b,16,W,2,-28.71,4.2,-1.12,0.467205769,4.556552206,0.355338088,0.011391381,0.000888345,3.115227273,0.012954545,0.003977273,0.685595002,0.005176632,0.002361734,5.84,10.38,1.28,1.237,12.5,79.45087821,62.6,4,1,5,62.53135973,4.476769531,67.00812927,1.4125,0.118035129
e12c,East,12,12,c,16,W,2,-28.62,4.5,-2.12,0.413228332,3.074995846,0.218879538,0.00768749,0.000547199,3.115227273,0.012954545,0.003977273,0.685595002,0.005176632,0.002361734,5.84,10.38,1.28,1.237,12.5,79.45087821,62.6,4,1,5,62.53135973,4.476769531,67.00812927,1.4125,0.118035129
e13a,East,13,13,a,16,W,3,-27.28,3.3,-1.11,0.255967078,2.733597188,0.196454844,0.006833993,0.000491137,2.8915,0.02775,0.002325,0.812562066,0.010829807,0.001057414,5.48,12.95,1.3,0.992,19.5,33.37942194,13.9,2,4,6,13.95652536,35.12999591,49.08652127,0.60625,0.13125
e13b,East,13,13,b,16,W,3,-27.49,3.5,-1.05,0.258850909,3.605810769,0.233013538,0.009014527,0.000582534,2.8915,0.02775,0.002325,0.812562066,0.010829807,0.001057414,5.48,12.95,1.3,0.992,19.5,33.37942194,13.9,2,4,6,13.95652536,35.12999591,49.08652127,0.60625,0.13125
e13c,East,13,13,c,16,W,3,-27.65,3.6,-1.06,0.271773737,4.283622462,0.271595538,0.010709056,0.000678989,2.8915,0.02775,0.002325,0.812562066,0.010829807,0.001057414,5.48,12.95,1.3,0.992,19.5,33.37942194,13.9,2,4,6,13.95652536,35.12999591,49.08652127,0.60625,0.13125
e14a,East,14,14,a,0,NW,3,-28.6,6.3,-1.71,0.348270613,1.536445875,0.126269625,0.003841115,0.000315674,2.04925,0.06325,0.03735,0.677776394,0.015284569,0.01060321,5.68,13.74,1.4,1.43,133.6,155.1946771,333.1,5,0,5,415.47178,0,415.47178,2.2625,0.365782552
e14b,East,14,14,b,0,NW,3,-28.27,7.6,-2.18,0.381128682,2.188598214,0.173873214,0.005471496,0.000434683,2.04925,0.06325,0.03735,0.677776394,0.015284569,0.01060321,5.68,13.74,1.4,1.43,133.6,155.1946771,333.1,5,0,5,415.47178,0,415.47178,2.2625,0.365782552
e14c,East,14,14,c,0,NW,3,-28.29,7.3,-1.89,0.30409446,2.801706,0.189013125,0.007004265,0.000472533,2.04925,0.06325,0.03735,0.677776394,0.015284569,0.01060321,5.68,13.74,1.4,1.43,133.6,155.1946771,333.1,5,0,5,415.47178,0,415.47178,2.2625,0.365782552
e15a,East,15,15,a,16,NW,3,-27.4,10.9,-1.58,0.57409009,2.553320667,0.213698444,0.006383302,0.000534246,3.955,0.105277778,0.061777778,0.983179455,0.033230164,0.020077473,5.55,14.29,1.41,1.122,24.1,44.85408911,118.7,5,0,5,132.4617985,0,132.4617985,1.4325,0.256679518
e15b,East,15,15,b,16,NW,3,-27.71,9.4,-1.41,0.568455464,3.55237,0.247059778,0.008880925,0.000617649,3.955,0.105277778,0.061777778,0.983179455,0.033230164,0.020077473,5.55,14.29,1.41,1.122,24.1,44.85408911,118.7,5,0,5,132.4617985,0,132.4617985,1.4325,0.256679518
e15c,East,15,15,c,16,NW,3,-28,11.2,-1.3,0.625447563,2.827366667,0.231397778,0.007068417,0.000578494,3.955,0.105277778,0.061777778,0.983179455,0.033230164,0.020077473,5.55,14.29,1.41,1.122,24.1,44.85408911,118.7,5,0,5,132.4617985,0,132.4617985,1.4325,0.256679518
e16a,East,16,16,a,8,W,3,-27.7,6.1,-1.87,0.365190157,3.8377485,0.2533382,0.009594371,0.000633346,1.608611111,0.023611111,0.009055556,0.432636281,0.007047841,0.00360333,5.87,8.22,1.6,1.392,40,64.62256088,12.6,1,0,1,0,0,0,0,0
e16b,East,16,16,b,8,W,3,-27.95,5.1,-1.93,0.317007042,6.682484546,0.324830808,0.016706211,0.000812077,1.608611111,0.023611111,0.009055556,0.432636281,0.007047841,0.00360333,5.87,8.22,1.6,1.392,40,64.62256088,12.6,1,0,1,0,0,0,0,0
e16c,East,16,16,c,8,W,3,-27.8,5.6,-1.91,0.324396992,2.815507879,0.183992424,0.00703877,0.000459981,1.608611111,0.023611111,0.009055556,0.432636281,0.007047841,0.00360333,5.87,8.22,1.6,1.392,40,64.62256088,12.6,1,0,1,0,0,0,0,0
e17a,East,17,17,a,8,NW,3,-27.48,7.4,-1.09,0.308823801,3.295660588,0.233716029,0.008239151,0.00058429,4.02325,0.037,0.038225,0.90677175,0.006622772,0.023091017,5.63,10.31,1.28,1.298,52.4,90.49357639,379.2,5,1,6,365.1107931,34.99239415,400.1031873,2.0825,0.122703912
e17b,East,17,17,b,8,NW,3,-27.94,7.8,-0.97,0.300300092,3.236922923,0.218115538,0.008092307,0.000545289,4.02325,0.037,0.038225,0.90677175,0.006622772,0.023091017,5.63,10.31,1.28,1.298,52.4,90.49357639,379.2,5,1,6,365.1107931,34.99239415,400.1031873,2.0825,0.122703912
e17c,East,17,17,c,8,NW,3,-26.77,7.2,-2.35,0.307634409,4.660157539,0.266952769,0.011650394,0.000667382,4.02325,0.037,0.038225,0.90677175,0.006622772,0.023091017,5.63,10.31,1.28,1.298,52.4,90.49357639,379.2,5,1,6,365.1107931,34.99239415,400.1031873,2.0825,0.122703912
e18a,East,18,18,a,0,W,3,-28.11,4.8,-1.88,0.333867661,4.6838721,0.2263881,0.01170968,0.00056597,2.342272727,0.018181818,0.002977273,0.634470113,0.004839362,0.002245312,5.78,9.42,1.2,1.434,57.9,95.81857593,48.3,5,1,6,109.3377131,85.19999277,194.5377058,1.555,0.079902284
e18b,East,18,18,b,0,W,3,-27.95,5.2,-1.84,0.32433366,4.9178895,0.3280001,0.012294724,0.00082,2.342272727,0.018181818,0.002977273,0.634470113,0.004839362,0.002245312,5.78,9.42,1.2,1.434,57.9,95.81857593,48.3,5,1,6,109.3377131,85.19999277,194.5377058,1.555,0.079902284
e18c,East,18,18,c,0,W,3,-28.23,4.8,-1.66,0.314546875,4.0050165,0.284242,0.010012541,0.000710605,2.342272727,0.018181818,0.002977273,0.634470113,0.004839362,0.002245312,5.78,9.42,1.2,1.434,57.9,95.81857593,48.3,5,1,6,109.3377131,85.19999277,194.5377058,1.555,0.079902284
w1a,West,1,19,a,0,NW,4,-28.17,6.3,-0.55,0.233545763,2.370239268,0.170567195,0.005925598,0.000426418,5.7635,0.0575,0.03425,1.54500374,0.013462912,0.009021964,5.75,16,1.53,1.449,100.1,194.6373729,415,6,0,6,473.4501866,0,473.4501866,2.45625,0.351718253
w1b,West,1,19,b,0,NW,4,-28.01,7.9,-0.95,0.211803509,3.03820875,0.214702625,0.007595522,0.000536757,5.7635,0.0575,0.03425,1.54500374,0.013462912,0.009021964,5.75,16,1.53,1.449,100.1,194.6373729,415,6,0,6,473.4501866,0,473.4501866,2.45625,0.351718253
w1c,West,1,19,c,0,NW,4,-27.88,7.7,-0.93,0.288043697,2.729118,0.19166325,0.006822795,0.000479158,5.7635,0.0575,0.03425,1.54500374,0.013462912,0.009021964,5.75,16,1.53,1.449,100.1,194.6373729,415,6,0,6,473.4501866,0,473.4501866,2.45625,0.351718253
w2a,West,2,20,a,8,NW,4,-27.82,4.9,-0.93,0.360687554,3.741732727,0.288635152,0.009354332,0.000721588,6.086,0.07625,0.039,1.013971236,0.012140669,0.01025508,5.56,15.91,1.55,1.321,150.6,298.2785145,577.4,7,1,8,669.4426069,17.87008587,687.3126927,2.714285714,0.273146194
w2b,West,2,20,b,8,NW,4,-28.05,6,-1.22,0.331059357,3.634578923,0.253053846,0.009086447,0.000632635,6.086,0.07625,0.039,1.013971236,0.012140669,0.01025508,5.56,15.91,1.55,1.321,150.6,298.2785145,577.4,7,1,8,669.4426069,17.87008587,687.3126927,2.714285714,0.273146194
w2c,West,2,20,c,8,NW,4,-28.24,5.6,-0.67,0.362075655,3.790436769,0.281233692,0.009476092,0.000703084,6.086,0.07625,0.039,1.013971236,0.012140669,0.01025508,5.56,15.91,1.55,1.321,150.6,298.2785145,577.4,7,1,8,669.4426069,17.87008587,687.3126927,2.714285714,0.273146194
w3a,West,3,21,a,8,W,4,-27.9,3.7,-0.63,0.255831193,1.2996933,0.1149396,0.003249233,0.000287349,6.894285714,0.074285714,0.028571429,1.115554223,0.011785714,0.007068061,5.7,16.21,1.43,1.406,160.1,209.8034114,76.80718982,5,0,5,47.75447499,0,47.75447499,0.980357143,0.279306874
w3b,West,3,21,b,8,W,4,-28.07,3.2,-0.76,0.248007207,3.3054891,0.1798032,0.008263723,0.000449508,6.894285714,0.074285714,0.028571429,1.115554223,0.011785714,0.007068061,5.7,16.21,1.43,1.406,160.1,209.8034114,76.80718982,5,0,5,47.75447499,0,47.75447499,0.980357143,0.279306874
w3c,West,3,21,c,8,W,4,-28.11,4.1,-0.81,0.278277477,2.121984849,0.164506566,0.005304962,0.000411266,6.894285714,0.074285714,0.028571429,1.115554223,0.011785714,0.007068061,5.7,16.21,1.43,1.406,160.1,209.8034114,76.80718982,5,0,5,47.75447499,0,47.75447499,0.980357143,0.279306874
w4a,West,4,22,a,0,W,4,-27.8,2.9,-1.54,0.417797682,1.607533,0.2744207,0.004018833,0.000686052,4.505555556,0.026388889,0.006222222,0.398611256,0.007349309,0.00260723,5.68,17.21,1.35,1.349,100.8,151.6054075,308.8743254,5,0,5,330.1107806,0,330.1107806,2.0575,0.336818757
w4b,West,4,22,b,0,W,4,-28.03,3.2,-1.22,0.460608538,1.696070606,0.192066667,0.004240177,0.000480167,4.505555556,0.026388889,0.006222222,0.398611256,0.007349309,0.00260723,5.68,17.21,1.35,1.349,100.8,151.6054075,308.8743254,5,0,5,330.1107806,0,330.1107806,2.0575,0.336818757
w4c,West,4,22,c,0,W,4,-27.35,3,-1.57,0.403290598,1.7852372,0.2842114,0.004463093,0.000710529,4.505555556,0.026388889,0.006222222,0.398611256,0.007349309,0.00260723,5.68,17.21,1.35,1.349,100.8,151.6054075,308.8743254,5,0,5,330.1107806,0,330.1107806,2.0575,0.336818757
w5a,West,5,23,a,16,NW,4,-27.47,7.3,-0.96,0.369591667,3.532031333,0.273460222,0.008830078,0.000683651,4.913888889,0.113055556,0.035277778,1.583768477,0.024072293,0.016230996,5.67,12.22,1.42,1.359,178.9,272.7452202,928.9,16,0,16,989.299229,0,989.299229,2.215234375,0.152495484
w5b,West,5,23,b,16,NW,4,-28.03,7.2,-1.44,0.341027234,3.375688723,0.261376596,0.008439222,0.000653441,4.913888889,0.113055556,0.035277778,1.583768477,0.024072293,0.016230996,5.67,12.22,1.42,1.359,178.9,272.7452202,928.9,16,0,16,989.299229,0,989.299229,2.215234375,0.152495484
w5c,West,5,23,c,16,NW,4,-27.88,7.3,-1.9,0.370863715,3.982813333,0.276219111,0.009957033,0.000690548,4.913888889,0.113055556,0.035277778,1.583768477,0.024072293,0.016230996,5.67,12.22,1.42,1.359,178.9,272.7452202,928.9,16,0,16,989.299229,0,989.299229,2.215234375,0.152495484
w6a,West,6,24,a,16,W,4,-27.99,8.1,-1.02,0.506973262,3.681797539,0.233101692,0.009204494,0.000582754,3.981111111,0.025833333,0.016444444,0.525024158,0.005496211,0.006932434,5.72,16.32,1.21,1.278,174.3,350.3189968,294.3,9,1,10,391.7227532,2.847068342,394.5698216,1.9625,0.160619461
w6b,West,6,24,b,16,W,4,-27.78,8.6,-0.91,0.478050655,2.659617692,0.197105538,0.006649044,0.000492764,3.981111111,0.025833333,0.016444444,0.525024158,0.005496211,0.006932434,5.72,16.32,1.21,1.278,174.3,350.3189968,294.3,9,1,10,391.7227532,2.847068342,394.5698216,1.9625,0.160619461
w6c,West,6,24,c,16,W,4,-27.84,8.4,-0.73,0.423218282,3.025296818,0.179012727,0.007563242,0.000447532,3.981111111,0.025833333,0.016444444,0.525024158,0.005496211,0.006932434,5.72,16.32,1.21,1.278,174.3,350.3189968,294.3,9,1,10,391.7227532,2.847068342,394.5698216,1.9625,0.160619461
w7a,West,7,25,a,8,W,5,-27.39,5,-2.49,0.250691275,1.4353224,0.1081973,0.003588306,0.000270493,2.441428571,0.041071429,0.013928571,0.931470269,0.012414675,0.007576144,5.67,15.22,1.75,1.554,54.2,104.2223363,4,2,0,2,3.953301655,0,3.953301655,0.6525,0.085
w7b,West,7,25,b,8,W,5,-27.9,4.8,-1.75,0.29459306,2.0677848,0.1424245,0.005169462,0.000356061,2.441428571,0.041071429,0.013928571,0.931470269,0.012414675,0.007576144,5.67,15.22,1.75,1.554,54.2,104.2223363,4,2,0,2,3.953301655,0,3.953301655,0.6525,0.085
w7c,West,7,25,c,8,W,5,-27.87,4.6,-1.75,0.267556914,1.6413303,0.1233245,0.004103326,0.000308311,2.441428571,0.041071429,0.013928571,0.931470269,0.012414675,0.007576144,5.67,15.22,1.75,1.554,54.2,104.2223363,4,2,0,2,3.953301655,0,3.953301655,0.6525,0.085
w8a,West,8,26,a,0,NW,5,-27.87,3.6,-1.95,0.140166337,1.770187125,0.14849725,0.004425468,0.000371243,1.825625,0.1375,0.045625,0.340822191,0.039856513,0.014908576,5.75,13.22,1.42,1.459,146.1,152.665695,208.1,11,1,12,207.947437,2.269800692,210.2172377,1.528409091,0.134249713
w8b,West,8,26,b,0,NW,5,-27.78,2.5,-1.75,0.109009346,3.655502625,0.212315125,0.009138757,0.000530788,1.825625,0.1375,0.045625,0.340822191,0.039856513,0.014908576,5.75,13.22,1.42,1.459,146.1,152.665695,208.1,11,1,12,207.947437,2.269800692,210.2172377,1.528409091,0.134249713
w8c,West,8,26,c,0,NW,5,-27.69,3.5,-1.34,0.148863366,1.728775443,0.147427342,0.004321939,0.000368568,1.825625,0.1375,0.045625,0.340822191,0.039856513,0.014908576,5.75,13.22,1.42,1.459,146.1,152.665695,208.1,11,1,12,207.947437,2.269800692,210.2172377,1.528409091,0.134249713
w9a,West,9,27,a,8,NW,5,-28.55,8.2,-2.03,0.32161368,1.747655077,0.143419846,0.004369138,0.00035855,2.68875,0.0534375,0.04,0.706495217,0.011886155,0.014330288,5.82,18.54,1.23,1.459,117.1,136.5414707,359.6,10,2,12,401.3553476,71.48694083,472.8422884,1.9055,0.205942211
w9b,West,9,27,b,8,NW,5,-27.91,8.4,-1.3,0.202657658,1.943691231,0.140598923,0.004859228,0.000351497,2.68875,0.0534375,0.04,0.706495217,0.011886155,0.014330288,5.82,18.54,1.23,1.459,117.1,136.5414707,359.6,10,2,12,401.3553476,71.48694083,472.8422884,1.9055,0.205942211
w9c,West,9,27,c,8,NW,5,-27.98,8.6,-1.04,0.305671937,3.146276818,0.199993788,0.007865692,0.000499984,2.68875,0.0534375,0.04,0.706495217,0.011886155,0.014330288,5.82,18.54,1.23,1.459,117.1,136.5414707,359.6,10,2,12,401.3553476,71.48694083,472.8422884,1.9055,0.205942211
w10a,West,10,28,a,16,NW,5,-28.24,3.7,-1.54,0.201073913,1.48611766,0.131537234,0.003715294,0.000328843,2.442083333,0.085,0.024583333,0.868606023,0.031490739,0.008549285,5.81,15.01,1.34,1.239,138.4,161.3679067,387.1,12,0,12,469.7035232,0,469.7035232,1.935714286,0.264535726
w10b,West,10,28,b,16,NW,5,-27.64,3.3,-1.3,0.146603625,2.530787234,0.210700638,0.006326968,0.000526752,2.442083333,0.085,0.024583333,0.868606023,0.031490739,0.008549285,5.81,15.01,1.34,1.239,138.4,161.3679067,387.1,12,0,12,469.7035232,0,469.7035232,1.935714286,0.264535726
w10c,West,10,28,c,16,NW,5,-27.79,2.9,-1.65,0.163603122,2.049497234,0.150596596,0.005123743,0.000376491,2.442083333,0.085,0.024583333,0.868606023,0.031490739,0.008549285,5.81,15.01,1.34,1.239,138.4,161.3679067,387.1,12,0,12,469.7035232,0,469.7035232,1.935714286,0.264535726
w11a,West,11,29,a,0,W,5,-27.97,3.2,-1.8,0.203305302,1.819881,0.1515161,0.004549703,0.00037879,2.482727273,0.027045455,0.010772727,0.362336084,0.004619846,0.004347211,5.93,14.33,1.44,1.554,66.3,84.40674062,29.7,6,1,7,22.1768167,2.717477645,24.89429435,0.9775,0.253703814
w11b,West,11,29,b,0,W,5,-28.07,3.2,-1.83,0.217758092,1.923522857,0.139328265,0.004808807,0.000348321,2.482727273,0.027045455,0.010772727,0.362336084,0.004619846,0.004347211,5.93,14.33,1.44,1.554,66.3,84.40674062,29.7,6,1,7,22.1768167,2.717477645,24.89429435,0.9775,0.253703814
w11c,West,11,29,c,0,W,5,-28.55,3.6,-2.09,0.218272317,1.705903776,0.134299898,0.004264759,0.00033575,2.482727273,0.027045455,0.010772727,0.362336084,0.004619846,0.004347211,5.93,14.33,1.44,1.554,66.3,84.40674062,29.7,6,1,7,22.1768167,2.717477645,24.89429435,0.9775,0.253703814
w12a,West,12,30,a,16,W,5,-28.18,5.1,-1.37,0.383876289,5.748370615,0.411525077,0.014370927,0.001028813,4.362777778,0.036111111,0.010277778,0.314906414,0.010300276,0.004990346,5.9,10.21,1.37,1.464,68.9,198.2659124,28.8,10,1,11,152.7580578,0.567450173,153.325508,1.490625,0.36329001
w12b,West,12,30,b,16,W,5,-27.92,4.9,-1.16,0.305250912,3.255737539,0.191581231,0.008139344,0.000478953,4.362777778,0.036111111,0.010277778,0.314906414,0.010300276,0.004990346,5.9,10.21,1.37,1.464,68.9,198.2659124,28.8,10,1,11,152.7580578,0.567450173,153.325508,1.490625,0.36329001
w12c,West,12,30,c,16,W,5,-28.4,5.2,-1.14,0.391133455,2.224222727,0.178173485,0.005560557,0.000445434,4.362777778,0.036111111,0.010277778,0.314906414,0.010300276,0.004990346,5.9,10.21,1.37,1.464,68.9,198.2659124,28.8,10,1,11,152.7580578,0.567450173,153.325508,1.490625,0.36329001
w13a,West,13,31,a,16,NW,6,-28.03,5.6,-0.07,0.208127096,2.737420667,0.195065333,0.006843552,0.000487663,4.526363636,0.063636364,0.017727273,0.804603966,0.01351499,0.005604934,5.8,15.32,1.38,1.373,85.6,164.0932383,543.7,8,0,8,543.6713012,0,543.6713012,2.5859375,0.213121956
w13b,West,13,31,b,16,NW,6,-28.09,5.4,-0.16,0.282905764,2.15609617,0.148727234,0.00539024,0.000371818,4.526363636,0.063636364,0.017727273,0.804603966,0.01351499,0.005604934,5.8,15.32,1.38,1.373,85.6,164.0932383,543.7,8,0,8,543.6713012,0,543.6713012,2.5859375,0.213121956
w13c,West,13,31,c,16,NW,6,-27.24,5.6,0.02,0.269521569,2.313990667,0.168792222,0.005784977,0.000421981,4.526363636,0.063636364,0.017727273,0.804603966,0.01351499,0.005604934,5.8,15.32,1.38,1.373,85.6,164.0932383,543.7,8,0,8,543.6713012,0,543.6713012,2.5859375,0.213121956
w14a,West,14,32,a,0,NW,6,-28.33,3.3,-2.15,0.192282027,1.422632625,0.099195375,0.003556582,0.000247988,3.176666667,0.233333333,0.0775,0.715352963,0.022047928,0.015,5.88,13.21,1.24,1.535,155.3,133.2192365,281.5,8,0,8,281.6244606,0,281.6244606,1.79375,0.129774874
w14b,West,14,32,b,0,NW,6,-27.93,3.4,-1.95,0.179252045,2.023402025,0.141842405,0.005058505,0.000354606,3.176666667,0.233333333,0.0775,0.715352963,0.022047928,0.015,5.88,13.21,1.24,1.535,155.3,133.2192365,281.5,8,0,8,281.6244606,0,281.6244606,1.79375,0.129774874
w14c,West,14,32,c,0,NW,6,-28.17,3.9,-1.89,0.190641172,2.452474875,0.16215375,0.006131187,0.000405384,3.176666667,0.233333333,0.0775,0.715352963,0.022047928,0.015,5.88,13.21,1.24,1.535,155.3,133.2192365,281.5,8,0,8,281.6244606,0,281.6244606,1.79375,0.129774874
w15a,West,15,33,a,8,W,6,-28.4,2.3,-2.91,0.125880597,1.5894141,0.1075861,0.003973535,0.000268965,2.2775,0.029,0.008,0.366463391,0.005847602,0.004374802,5.78,15.44,1.17,1.561,220.2,197.3941204,98.7,10,0,10,118.058303,0,118.058303,1.17,0.143858051
w15b,West,15,33,b,8,W,6,-28.13,2.4,-2.03,0.156681053,1.239749694,0.096431224,0.003099374,0.000241078,2.2775,0.029,0.008,0.366463391,0.005847602,0.004374802,5.78,15.44,1.17,1.561,220.2,197.3941204,98.7,10,0,10,118.058303,0,118.058303,1.17,0.143858051
w15c,West,15,33,c,8,W,6,-28.3,2.4,-2.89,0.166936664,1.751553061,0.127751327,0.004378883,0.000319378,2.2775,0.029,0.008,0.366463391,0.005847602,0.004374802,5.78,15.44,1.17,1.561,220.2,197.3941204,98.7,10,0,10,118.058303,0,118.058303,1.17,0.143858051
w16a,West,16,34,a,16,W,6,-27.8,3.3,-1.14,0.214320661,2.11250625,0.148824219,0.005281266,0.000372061,2.003333333,0.058333333,0.039166667,1.092257156,0.008333333,0.011666667,5.78,13.24,1.33,1.707,119.8,232.1479891,84.7,14,0,14,106.6586414,0,106.6586414,0.774305556,0.121740477
w16b,West,16,34,b,16,W,6,-27.84,3.3,-1.2,0.211773746,2.294614154,0.204921846,0.005736535,0.000512305,2.003333333,0.058333333,0.039166667,1.092257156,0.008333333,0.011666667,5.78,13.24,1.33,1.707,119.8,232.1479891,84.7,14,0,14,106.6586414,0,106.6586414,0.774305556,0.121740477
w16c,West,16,34,c,16,W,6,-27.57,3.9,-1.39,0.29456,1.692306716,0.139423731,0.004230767,0.000348559,2.003333333,0.058333333,0.039166667,1.092257156,0.008333333,0.011666667,5.78,13.24,1.33,1.707,119.8,232.1479891,84.7,14,0,14,106.6586414,0,106.6586414,0.774305556,0.121740477
w17a,West,17,35,a,8,NW,6,-28.63,3,-1.85,0.190197691,1.587306,0.136661385,0.003968265,0.000341653,2.916363636,0.058181818,0.016818182,0.55395134,0.013319035,0.004862787,5.55,13.54,1.45,1.488,148.7,205.4444516,433.9,10,1,11,502.9318345,2.269800692,505.2016352,1.97625,0.153086872
w17b,West,17,35,b,8,NW,6,-28.11,2.6,-1.16,0.160705272,1.631611385,0.123732154,0.004079028,0.00030933,2.916363636,0.058181818,0.016818182,0.55395134,0.013319035,0.004862787,5.55,13.54,1.45,1.488,148.7,205.4444516,433.9,10,1,11,502.9318345,2.269800692,505.2016352,1.97625,0.153086872
w17c,West,17,35,c,8,NW,6,-27.77,2.1,-1.41,0.197857941,2.939652,0.243151231,0.00734913,0.000607878,2.916363636,0.058181818,0.016818182,0.55395134,0.013319035,0.004862787,5.55,13.54,1.45,1.488,148.7,205.4444516,433.9,10,1,11,502.9318345,2.269800692,505.2016352,1.97625,0.153086872
w18a,West,18,36,a,0,W,6,-28,2.8,-3.21,0.172145881,1.652091515,0.122428687,0.004130229,0.000306072,2.633888889,0.023611111,0.009166667,0.490265148,0.006732889,0.005253967,5.73,12.54,1.31,1.686,174.2,191.4800722,62,19,0,19,114.542154,0,114.542154,1.002631579,0.092117011
w18b,West,18,36,b,0,W,6,-28.95,2.8,-3.44,0.146572774,1.3672317,0.0818584,0.003418079,0.000204646,2.633888889,0.023611111,0.009166667,0.490265148,0.006732889,0.005253967,5.73,12.54,1.31,1.686,174.2,191.4800722,62,19,0,19,114.542154,0,114.542154,1.002631579,0.092117011
w18c,West,18,36,c,0,W,6,-28.08,2.6,-3.22,0.174719677,1.1274546,0.0921533,0.002818637,0.000230383,2.633888889,0.023611111,0.009166667,0.490265148,0.006732889,0.005253967,5.73,12.54,1.31,1.686,174.2,191.4800722,62,19,0,19,114.542154,0,114.542154,1.002631579,0.092117011
h1a,Harmony,1,37,a,0,W,7,-27.28,7.3,-2.52,0.337610365,,,,,,,,,,,5.47,13.79,0.8704,0.8704,201.3,236.9938958,305.5,,,,,,,,
h1b,Harmony,1,37,b,0,W,7,-27.24,7.1,-2.73,0.29797,,,,,,,,,,,5.47,13.79,0.8704,0.8704,201.3,236.9938958,305.5,,,,,,,,
h1c,Harmony,1,37,c,0,W,7,-27.17,7.4,-2.46,0.292129065,,,,,,,,,,,5.47,13.79,0.8704,0.8704,201.3,236.9938958,305.5,,,,,,,,
h2a,Harmony,2,38,a,16,W,7,-27.46,9.1,-2.46,0.32736,,,,,,,,,,,5.6,12.86,1.2072,1.2072,142.8,274.5751979,233.5,,,,,,,,
h2b,Harmony,2,38,b,16,W,7,-27.17,8.5,-2.41,0.29118851,,,,,,,,,,,5.6,12.86,1.2072,1.2072,142.8,274.5751979,233.5,,,,,,,,
h2c,Harmony,2,38,c,16,W,7,-27.3,8.3,-2.27,0.232709278,,,,,,,,,,,5.6,12.86,1.2072,1.2072,142.8,274.5751979,233.5,,,,,,,,
h3a,Harmony,3,39,a,0,NW,7,-27.65,4.5,-3.05,0.243072,,,,,,,,,,,5.43,16.06,1.0576,1.0576,173.3,376.2371362,775.9,,,,,,,,
h3b,Harmony,3,39,b,0,NW,7,-27.54,3.3,-2.9,0.183917241,,,,,,,,,,,5.43,16.06,1.0576,1.0576,173.3,376.2371362,775.9,,,,,,,,
h3c,Harmony,3,39,c,0,NW,7,-27.47,4.3,-3.17,0.235078992,,,,,,,,,,,5.43,16.06,1.0576,1.0576,173.3,376.2371362,775.9,,,,,,,,
h4a,Harmony,4,40,a,16,NW,7,-26.65,11.5,-3.17,0.333568,,,,,,,,,,,5.5,16.84,0.956,0.956,295.7,366.6945485,704.9,,,,,,,,
h4b,Harmony,4,40,b,16,NW,7,-26.93,14,-3.28,0.237875706,,,,,,,,,,,5.5,16.84,0.956,0.956,295.7,366.6945485,704.9,,,,,,,,
h4c,Harmony,4,40,c,16,NW,7,-26.94,13.6,-3.47,0.376230769,,,,,,,,,,,5.5,16.84,0.956,0.956,295.7,366.6945485,704.9,,,,,,,,
h5a,Harmony,5,41,a,0,NW,8,-27.7,5.4,-3.27,0.232968421,,,,,,,,,,,5.87,14.35,1.232,1.232,460,540.5974098,606.7,,,,,,,,
h5b,Harmony,5,41,b,0,NW,8,-27.43,5.2,-3.49,0.241894737,,,,,,,,,,,5.87,14.35,1.232,1.232,460,540.5974098,606.7,,,,,,,,
h5c,Harmony,5,41,c,0,NW,8,-27.61,5.1,-3.22,0.234914286,,,,,,,,,,,5.87,14.35,1.232,1.232,460,540.5974098,606.7,,,,,,,,
h6a,Harmony,6,42,a,16,W,8,-27.71,10,-3.35,0.377537561,,,,,,,,,,,5.47,15.93,1.0048,1.0048,81.2,117.0243263,152.7,,,,,,,,
h6b,Harmony,6,42,b,16,W,8,-27.42,10.9,-3.21,0.370934256,,,,,,,,,,,5.47,15.93,1.0048,1.0048,81.2,117.0243263,152.7,,,,,,,,
h6c,Harmony,6,42,c,16,W,8,-27.15,9.8,-3.24,0.376461261,,,,,,,,,,,5.47,15.93,1.0048,1.0048,81.2,117.0243263,152.7,,,,,,,,
h7a,Harmony,7,43,a,16,NW,8,-27.68,14.9,-3.85,0.514457971,,,,,,,,,,,5.45,15.28,1.0112,1.0112,342.9,486.3499587,727.1,,,,,,,,
h7b,Harmony,7,43,b,16,NW,8,-25.64,12.2,-2.93,0.548869869,,,,,,,,,,,5.45,15.28,1.0112,1.0112,342.9,486.3499587,727.1,,,,,,,,
h7c,Harmony,7,43,c,16,NW,8,-27.45,15,-2.84,0.543181669,,,,,,,,,,,5.45,15.28,1.0112,1.0112,342.9,486.3499587,727.1,,,,,,,,
h8a,Harmony,8,44,a,0,W,8,-27.22,3.6,-4.12,0.166815844,,,,,,,,,,,5.66,14.52,0.8936,0.8936,160.2,244.5729881,611.3,,,,,,,,
h8b,Harmony,8,44,b,0,W,8,-27.04,3.7,-4.34,0.167423729,,,,,,,,,,,5.66,14.52,0.8936,0.8936,160.2,244.5729881,611.3,,,,,,,,
h8c,Harmony,8,44,c,0,W,8,-27.12,4.4,-4.3,0.196690009,,,,,,,,,,,5.66,14.52,0.8936,0.8936,160.2,244.5729881,611.3,,,,,,,,
h9a,Harmony,9,45,a,0,NW,9,-26.76,7,-3.79,0.262970018,,,,,,,,,,,5.64,14.14,0.9472,0.9472,391.5,398.6209839,709.4,,,,,,,,
h9b,Harmony,9,45,b,0,NW,9,-26.9,7,-2.89,0.208015826,,,,,,,,,,,5.64,14.14,0.9472,0.9472,391.5,398.6209839,709.4,,,,,,,,
h9c,Harmony,9,45,c,0,NW,9,-26.35,6,-3.05,0.26326729,,,,,,,,,,,5.64,14.14,0.9472,0.9472,391.5,398.6209839,709.4,,,,,,,,
h10a,Harmony,10,46,a,0,W,9,-27.53,5.5,-3.15,0.281166971,,,,,,,,,,,5.65,13.26,0.9528,0.9528,340.4,315.2431148,485.6,,,,,,,,
h10b,Harmony,10,46,b,0,W,9,-27.48,5.4,-3.51,0.243436937,,,,,,,,,,,5.65,13.26,0.9528,0.9528,340.4,315.2431148,485.6,,,,,,,,
h10c,Harmony,10,46,c,0,W,9,-27.57,5.2,-3.64,0.229684644,,,,,,,,,,,5.65,13.26,0.9528,0.9528,340.4,315.2431148,485.6,,,,,,,,
h11a,Harmony,11,47,a,16,W,9,-28.08,3.1,-3.73,0.156779039,,,,,,,,,,,5.5,13.45,1.2072,1.2072,190.2,180.8536351,549.8,,,,,,,,
h11b,Harmony,11,47,b,16,W,9,-27.65,3.7,-4.13,0.147688663,,,,,,,,,,,5.5,13.45,1.2072,1.2072,190.2,180.8536351,549.8,,,,,,,,
h11c,Harmony,11,47,c,16,W,9,-27.66,3.5,-3.75,0.131935619,,,,,,,,,,,5.5,13.45,1.2072,1.2072,190.2,180.8536351,549.8,,,,,,,,
h12a,Harmony,12,48,a,16,NW,9,-27.27,7.2,-4.52,0.251834962,,,,,,,,,,,5.68,12.63,0.7472,0.7472,211.2,249.6073903,551.9,,,,,,,,
h12b,Harmony,12,48,b,16,NW,9,-26.92,8.2,-4.1,0.286571012,,,,,,,,,,,5.68,12.63,0.7472,0.7472,211.2,249.6073903,551.9,,,,,,,,
h12c,Harmony,12,48,c,16,NW,9,-27.11,7.2,-3.92,0.320792373,,,,,,,,,,,5.68,12.63,0.7472,0.7472,211.2,249.6073903,551.9,,,,,,,,
n1a,Norway,1,49,a,16,NW,10,-27.96,7.6,-2.97,0.290324786,,,,,,,,,,,5.52,13.05,0.8744,0.8744,186.4,306.203182,327.5,,,,,,,,
n1b,Norway,1,49,b,16,NW,10,-27.21,7.2,-2.85,0.14027563,,,,,,,,,,,5.52,13.05,0.8744,0.8744,186.4,306.203182,327.5,,,,,,,,
n1c,Norway,1,49,c,16,NW,10,-27.17,7.8,-2.67,0.216852336,,,,,,,,,,,5.52,13.05,0.8744,0.8744,186.4,306.203182,327.5,,,,,,,,
n2a,Norway,2,50,a,16,W,10,-27.44,12.2,-2.87,0.329176068,,,,,,,,,,,5.71,15.12,0.8712,0.8712,84.7,206.0177922,119.1,,,,,,,,
n2b,Norway,2,50,b,16,W,10,-27.65,12.8,-2.86,0.380133519,,,,,,,,,,,5.71,15.12,0.8712,0.8712,84.7,206.0177922,119.1,,,,,,,,
n2c,Norway,2,50,c,16,W,10,-27.38,10.6,-2.93,0.427733723,,,,,,,,,,,5.71,15.12,0.8712,0.8712,84.7,206.0177922,119.1,,,,,,,,
n3a,Norway,3,51,a,0,NW,10,-28.2,9.9,-3.67,0.392697531,,,,,,,,,,,5.32,16.83,1.1704,1.1704,61.1,87.24202799,150.5,,,,,,,,
n3b,Norway,3,51,b,0,NW,10,-27.46,9.8,-3.94,0.330655844,,,,,,,,,,,5.32,16.83,1.1704,1.1704,61.1,87.24202799,150.5,,,,,,,,
n3c,Norway,3,51,c,0,NW,10,-27.55,9.8,-3.63,0.372552381,,,,,,,,,,,5.32,16.83,1.1704,1.1704,61.1,87.24202799,150.5,,,,,,,,
n4a,Norway,4,52,a,0,W,10,-27.85,8,-2.27,0.325208333,,,,,,,,,,,5.7,15.23,1.1704,1.1704,206.5,260.2137213,611.2,,,,,,,,
n4b,Norway,4,52,b,0,W,10,-27.23,6.9,-2.29,0.303703532,,,,,,,,,,,5.7,15.23,1.1704,1.1704,206.5,260.2137213,611.2,,,,,,,,
n4c,Norway,4,52,c,0,W,10,-27.23,7.3,-2.25,0.238674272,,,,,,,,,,,5.7,15.23,1.1704,1.1704,206.5,260.2137213,611.2,,,,,,,,
n5a,Norway,5,53,a,16,NW,11,-26.98,8.1,-2.93,0.30310387,,,,,,,,,,,5.82,15.42,0.7792,0.7792,108.4,162.5381499,192.7,,,,,,,,
n5b,Norway,5,53,b,16,NW,11,-27,8.9,-2.57,0.332200218,,,,,,,,,,,5.82,15.42,0.7792,0.7792,108.4,162.5381499,192.7,,,,,,,,
n5c,Norway,5,53,c,16,NW,11,-26.94,7.4,-2.61,0.350604215,,,,,,,,,,,5.82,15.42,0.7792,0.7792,108.4,162.5381499,192.7,,,,,,,,
n6a,Norway,6,54,a,0,NW,11,-27.04,4.7,-2.91,0.16399211,,,,,,,,,,,5.7,11.82,1.0184,1.0184,166.7,247.2983197,399.9,,,,,,,,
n6b,Norway,6,54,b,0,NW,11,-25.95,4.6,-3.8,0.145245433,,,,,,,,,,,5.7,11.82,1.0184,1.0184,166.7,247.2983197,399.9,,,,,,,,
n6c,Norway,6,54,c,0,NW,11,-26.46,4.7,-3.14,0.161844237,,,,,,,,,,,5.7,11.82,1.0184,1.0184,166.7,247.2983197,399.9,,,,,,,,
n7a,Norway,7,55,a,0,W,11,-27.21,5.3,-2.53,0.237796875,,,,,,,,,,,5.23,14.96,0.7344,0.7344,65.1,82.70242661,158.2,,,,,,,,
n7b,Norway,7,55,b,0,W,11,-27.4,5.2,-2.87,0.258173998,,,,,,,,,,,5.23,14.96,0.7344,0.7344,65.1,82.70242661,158.2,,,,,,,,
n7c,Norway,7,55,c,0,W,11,-26.78,5.3,-2.68,0.210852174,,,,,,,,,,,5.23,14.96,0.7344,0.7344,65.1,82.70242661,158.2,,,,,,,,
n8a,Norway,8,56,a,16,W,11,-27.37,7.8,-4.09,0.351659049,,,,,,,,,,,5.6,14.4,0.936,0.936,114,247.1019702,372.8,,,,,,,,
n8b,Norway,8,56,b,16,W,11,-26.99,8.3,-4.47,0.355463458,,,,,,,,,,,5.6,14.4,0.936,0.936,114,247.1019702,372.8,,,,,,,,
n8c,Norway,8,56,c,16,W,11,-27.06,8.8,-4.19,0.397203083,,,,,,,,,,,5.6,14.4,0.936,0.936,114,247.1019702,372.8,,,,,,,,
n9a,Norway,9,57,a,16,W,12,-27.99,4.9,-2.82,0.301193232,,,,,,,,,,,5.64,16.71,1.0984,1.0984,219.7,294.7834927,478.9,,,,,,,,
n9b,Norway,9,57,b,16,W,12,-27.1,4,-1.92,0.195666019,,,,,,,,,,,5.64,16.71,1.0984,1.0984,219.7,294.7834927,478.9,,,,,,,,
n9c,Norway,9,57,c,16,W,12,-27.28,4.6,-2.07,0.210661818,,,,,,,,,,,5.64,16.71,1.0984,1.0984,219.7,294.7834927,478.9,,,,,,,,
n10a,Norway,10,58,a,0,W,12,-27.81,11.8,-2.57,0.56884512,,,,,,,,,,,5.7,10.45,0.8456,0.8456,244.5,353.7904567,621.1,,,,,,,,
n10b,Norway,10,58,b,0,W,12,-28.01,11.5,-3.19,0.506982524,,,,,,,,,,,5.7,10.45,0.8456,0.8456,244.5,353.7904567,621.1,,,,,,,,
n10c,Norway,10,58,c,0,W,12,-27.57,11.2,-2.99,0.481358491,,,,,,,,,,,5.7,10.45,0.8456,0.8456,244.5,353.7904567,621.1,,,,,,,,
n11a,Norway,11,59,a,16,NW,12,-26.83,10,-2.05,0.437870206,,,,,,,,,,,5.78,19.89,0.8056,0.8056,174.2,446.2004046,1000.4,,,,,,,,
n11b,Norway,11,59,b,16,NW,12,-27.03,11.3,-2.34,0.454997559,,,,,,,,,,,5.78,19.89,0.8056,0.8056,174.2,446.2004046,1000.4,,,,,,,,
n11c,Norway,11,59,c,16,NW,12,-26.79,12,-2.37,0.463308738,,,,,,,,,,,5.78,19.89,0.8056,0.8056,174.2,446.2004046,1000.4,,,,,,,,
n12a,Norway,12,60,a,0,NW,12,-28.16,16.7,-5.35,0.163564568,,,,,,,,,,,5.88,12.05,1.0856,1.0856,257.5,309.5254162,382.4,,,,,,,,
n12b,Norway,12,60,b,0,NW,12,-27.57,15.4,-4.47,0.162101147,,,,,,,,,,,5.88,12.05,1.0856,1.0856,257.5,309.5254162,382.4,,,,,,,,
n12c,Norway,12,60,c,0,NW,12,-28.09,16,-4.62,0.164293478,,,,,,,,,,,5.88,12.05,1.0856,1.0856,257.5,309.5254162,382.4,,,,,,,,
